gameId,actionNumber,clock,period,teamId,teamTricode,personId,playerName,playerNameI,xLegacy,yLegacy,shotDistance,shotResult,isFieldGoal,scoreHome,scoreAway,pointsTotal,location,description,actionType,subType,videoAvailable,shotValue,actionId
0022100706,2,PT12M00.00S,1,0,,0,,,0,0,0,,0,0,0,0,,Start of 1st Period (8:11 PM EST),period,start,0,0,1
0022100706,4,PT12M00.00S,1,1610612750,MIN,1626157,Towns,K. Towns,0,0,0,,0,,,0,h,Jump Ball Towns vs. Sharpe: Tip to McDaniels,Jump Ball,,1,0,2
0022100706,7,PT11M46.00S,1,1610612750,MIN,1626157,Towns,K. Towns,-65,37,7,Missed,1,,,0,h,MISS Towns 7' Turnaround Hook Shot,Missed Shot,Turnaround Hook Shot,1,2,3
0022100706,8,PT11M43.00S,1,1610612751,BKN,201935,Harden,J. Harden,0,0,0,,0,,,0,v,Harden REBOUND (Off:0 Def:1),Rebound,Unknown,1,0,4
0022100706,9,PT11M28.00S,1,1610612751,BKN,201988,Mills,P. Mills,-116,5,12,Missed,1,,,0,v,MISS Mills 12' Driving Floating Jump Shot,Missed Shot,Driving Floating Jump Shot,1,2,5
0022100706,10,PT11M24.00S,1,1610612750,MIN,1630183,McDaniels,J. McDaniels,0,0,0,,0,,,0,h,McDaniels REBOUND (Off:0 Def:1),Rebound,Unknown,1,0,6
0022100706,11,PT11M18.00S,1,1610612750,MIN,1626156,Russell,D. Russell,-7,116,12,Made,1,2,0,2,h,Russell 12' Driving Floating Jump Shot (2 PTS),Made Shot,Driving Floating Jump Shot,1,2,7
0022100706,12,PT11M09.00S,1,1610612751,BKN,1630556,Edwards,K. Edwards,-213,134,25,Made,1,2,3,5,v,Edwards 25' 3PT Jump Shot (3 PTS) (Harden 1 AST),Made Shot,Jump Shot,1,3,8
0022100706,14,PT10M50.00S,1,1610612750,MIN,1626157,Towns,K. Towns,0,0,0,,0,,,0,h,Towns Lost Ball Turnover (P1.T1),Turnover,Lost Ball,1,0,9
0022100706,14,PT10M50.00S,1,1610612751,BKN,201935,Harden,J. Harden,0,0,0,,0,,,0,v,Harden STEAL (1 STL),,,1,0,10
0022100706,16,PT10M43.00S,1,1610612751,BKN,1630556,Edwards,K. Edwards,225,-1,0,Missed,1,,,0,v,MISS Edwards 3PT Jump Shot,Missed Shot,Jump Shot,1,3,11
0022100706,17,PT10M40.00S,1,1610612750,MIN,1629020,Vanderbilt,J. Vanderbilt,0,0,0,,0,,,0,h,Vanderbilt REBOUND (Off:0 Def:1),Rebound,Unknown,1,0,12
0022100706,18,PT10M33.00S,1,1610612750,MIN,1626157,Towns,K. Towns,2,4,0,Made,1,4,3,7,h,Towns Cutting Layup Shot (2 PTS) (Edwards 1 AST),Made Shot,Cutting Layup Shot,1,2,13
0022100706,20,PT10M33.00S,1,1610612751,BKN,1630549,Sharpe,D. Sharpe,0,0,0,,0,,,0,v,Sharpe S.FOUL (P1.T1) (C.Blair),Foul,Shooting,1,0,14
0022100706,22,PT10M33.00S,1,1610612750,MIN,1626157,Towns,K. Towns,0,0,0,,0,5,3,8,h,Towns Free Throw 1 of 1 (3 PTS),Free Throw,Free Throw 1 of 1,1,0,15
0022100706,23,PT10M09.00S,1,0,,1610612751,,,0,0,0,,0,,,0,v,Nets Turnover: Shot Clock (T#1),Turnover,Shot Clock Turnover,0,0,16
0022100706,24,PT09M59.00S,1,1610612750,MIN,1626156,Russell,D. Russell,26,129,13,Made,1,7,3,10,h,Russell 13' Pullup Jump Shot (4 PTS),Made Shot,Pullup Jump shot,1,2,17
0022100706,25,PT09M46.00S,1,1610612751,BKN,201988,Mills,P. Mills,-224,7,0,Made,1,7,6,13,v,Mills 3PT Jump Shot (3 PTS) (Harden 2 AST),Made Shot,Jump Shot,1,3,18
0022100706,27,PT09M39.00S,1,1610612750,MIN,1630183,McDaniels,J. McDaniels,4,1,0,Made,1,9,6,15,h,McDaniels Alley Oop Dunk (2 PTS) (Russell 1 AST),Made Shot,Alley Oop Dunk Shot,1,2,19
0022100706,29,PT09M30.00S,1,1610612751,BKN,201988,Mills,P. Mills,-91,143,17,Made,1,9,8,17,v,Mills 17' Pullup Jump Shot (5 PTS) (Harden 3 AST),Made Shot,Pullup Jump shot,1,2,20
0022100706,31,PT09M10.00S,1,1610612750,MIN,1630162,Edwards,A. Edwards,223,108,25,Made,1,12,8,20,h,Edwards 25' 3PT Jump Shot (3 PTS) (Russell 2 AST),Made Shot,Jump Shot,1,3,21
0022100706,33,PT08M51.00S,1,1610612751,BKN,1630549,Sharpe,D. Sharpe,5,4,1,Made,1,12,10,22,v,Sharpe 1' Cutting Layup Shot (2 PTS) (Harden 4 AST),Made Shot,Cutting Layup Shot,1,2,22
0022100706,35,PT08M42.00S,1,1610612751,BKN,1630556,Edwards,K. Edwards,0,0,0,,0,,,0,v,Edwards S.FOUL (P1.T2) (C.Blair),Foul,Shooting,1,0,23
0022100706,37,PT08M42.00S,1,1610612750,MIN,1626156,Russell,D. Russell,0,0,0,,0,13,10,23,h,Russell Free Throw 1 of 3 (5 PTS),Free Throw,Free Throw 1 of 3,1,0,24
0022100706,38,PT08M42.00S,1,1610612750,MIN,1626156,Russell,D. Russell,0,0,0,,0,14,10,24,h,Russell Free Throw 2 of 3 (6 PTS),Free Throw,Free Throw 2 of 3,1,0,25
0022100706,39,PT08M42.00S,1,1610612750,MIN,1626156,Russell,D. Russell,0,0,0,,0,15,10,25,h,Russell Free Throw 3 of 3 (7 PTS),Free Throw,Free Throw 3 of 3,1,0,26
0022100706,40,PT08M27.00S,1,1610612751,BKN,201988,Mills,P. Mills,-6,6,1,Made,1,15,12,27,v,Mills 1' Layup (7 PTS) (Irving 1 AST),Made Shot,Layup Shot,1,2,27
0022100706,42,PT08M03.00S,1,1610612750,MIN,1630162,Edwards,A. Edwards,229,22,0,Made,1,18,12,30,h,Edwards 3PT Jump Shot (6 PTS) (Vanderbilt 1 AST),Made Shot,Jump Shot,1,3,28
0022100706,45,PT07M40.00S,1,1610612751,BKN,201935,Harden,J. Harden,-2,31,3,Missed,1,,,0,v,MISS Harden 3' Driving Floating Jump Shot,Missed Shot,Driving Floating Jump Shot,1,2,29
0022100706,46,PT07M36.00S,1,1610612751,BKN,1630549,Sharpe,D. Sharpe,0,0,0,,0,,,0,v,Sharpe REBOUND (Off:1 Def:0),Rebound,Unknown,1,0,30
0022100706,47,PT07M36.00S,1,1610612751,BKN,1630549,Sharpe,D. Sharpe,0,0,0,Made,1,18,14,32,v,Sharpe Tip Layup Shot (4 PTS),Made Shot,Tip Layup Shot,1,2,31
0022100706,48,PT07M34.00S,1,1610612751,BKN,201988,Mills,P. Mills,0,0,0,,0,,,0,v,Mills P.FOUL (P1.T3) (K.Cutler),Foul,Personal,1,0,32
0022100706,50,PT07M31.00S,1,1610612750,MIN,1630162,Edwards,A. Edwards,180,177,25,Missed,1,,,0,h,MISS Edwards 25' 3PT Jump Shot,Missed Shot,Jump Shot,1,3,33
0022100706,51,PT07M30.00S,1,1610612751,BKN,202681,Irving,K. Irving,0,0,0,,0,,,0,v,Irving REBOUND (Off:0 Def:1),Rebound,Unknown,1,0,34
0022100706,52,PT07M23.00S,1,1610612751,BKN,202681,Irving,K. Irving,113,226,25,Made,1,18,17,35,v,Irving 25' 3PT Pullup Jump Shot (3 PTS),Made Shot,Pullup Jump shot,1,3,35
0022100706,53,PT07M07.00S,1,1610612750,MIN,1626157,Towns,K. Towns,-116,222,25,Missed,1,,,0,h,MISS Towns 25' 3PT Step Back Jump Shot,Missed Shot,Step Back Jump shot,1,3,36
0022100706,54,PT07M05.00S,1,1610612751,BKN,1630556,Edwards,K. Edwards,0,0,0,,0,,,0,v,Edwards REBOUND (Off:0 Def:1),Rebound,Unknown,1,0,37
0022100706,55,PT06M59.00S,1,1610612751,BKN,202681,Irving,K. Irving,121,227,26,Made,1,18,20,38,v,Irving 26' 3PT Pullup Jump Shot (6 PTS),Made Shot,Pullup Jump shot,1,3,38
0022100706,56,PT06M48.00S,1,1610612750,MIN,1626156,Russell,D. Russell,-78,235,25,Made,1,21,20,41,h,Russell 25' 3PT Pullup Jump Shot (10 PTS),Made Shot,Pullup Jump shot,1,3,39
0022100706,57,PT06M36.00S,1,1610612750,MIN,1630162,Edwards,A. Edwards,0,0,0,,0,,,0,h,Edwards P.FOUL (P1.T1) (K.Cutler),Foul,Personal,1,0,40
0022100706,59,PT06M36.00S,1,0,,1610612750,,,0,0,0,,0,,,0,h,TIMBERWOLVES Timeout: Regular (Full 1 Short 0),Timeout,Regular,0,0,41
0022100706,60,PT06M36.00S,1,1610612751,BKN,201988,Mills,P. Mills,0,0,0,,0,,,0,v,SUB: Bembry FOR Mills,Substitution,,0,0,42
0022100706,62,PT06M24.00S,1,1610612751,BKN,201935,Harden,J. Harden,190,7,19,Missed,1,,,0,v,MISS Harden 19' Step Back Jump Shot,Missed Shot,Step Back Jump shot,1,2,43
0022100706,63,PT06M20.00S,1,1610612751,BKN,1630549,Sharpe,D. Sharpe,0,0,0,,0,,,0,v,Sharpe REBOUND (Off:2 Def:0),Rebound,Unknown,1,0,44
0022100706,64,PT06M12.00S,1,1610612751,BKN,1630556,Edwards,K. Edwards,224,-13,0,Missed,1,,,0,v,MISS Edwards 3PT Jump Shot,Missed Shot,Jump Shot,1,3,45
0022100706,65,PT06M08.00S,1,1610612750,MIN,1630183,McDaniels,J. McDaniels,0,0,0,,0,,,0,h,McDaniels REBOUND (Off:0 Def:2),Rebound,Unknown,1,0,46
0022100706,66,PT06M04.00S,1,1610612750,MIN,1626156,Russell,D. Russell,150,206,25,Missed,1,,,0,h,MISS Russell 25' 3PT Jump Shot,Missed Shot,Jump Shot,1,3,47
0022100706,67,PT05M59.00S,1,1610612751,BKN,1630549,Sharpe,D. Sharpe,0,0,0,,0,,,0,v,Sharpe REBOUND (Off:2 Def:1),Rebound,Unknown,1,0,48
0022100706,68,PT05M58.00S,1,1610612751,BKN,1630549,Sharpe,D. Sharpe,0,0,0,,0,,,0,v,Sharpe Lost Ball Turnover (P1.T2),Turnover,Lost Ball,1,0,49
0022100706,68,PT05M58.00S,1,1610612750,MIN,1629020,Vanderbilt,J. Vanderbilt,0,0,0,,0,,,0,h,Vanderbilt STEAL (1 STL),,,1,0,50
0022100706,70,PT05M57.00S,1,1610612750,MIN,1629020,Vanderbilt,J. Vanderbilt,1,6,1,Made,1,23,20,43,h,Vanderbilt 1' Reverse Layup (2 PTS),Made Shot,Reverse Layup Shot,1,2,51
0022100706,71,PT05M43.00S,1,1610612751,BKN,202681,Irving,K. Irving,10,5,1,Made,1,23,22,45,v,Irving 1' Driving Layup (8 PTS) (Harden 5 AST),Made Shot,Driving Layup Shot,1,2,52
0022100706,73,PT05M30.00S,1,1610612750,MIN,1630162,Edwards,A. Edwards,77,101,13,Missed,1,,,0,h,MISS Edwards 13' Turnaround Fadeaway Shot,Missed Shot,Turnaround Fadeaway shot,1,2,53
0022100706,74,PT05M27.00S,1,1610612751,BKN,1630549,Sharpe,D. Sharpe,0,0,0,,0,,,0,v,Sharpe REBOUND (Off:2 Def:2),Rebound,Unknown,1,0,54
0022100706,75,PT05M21.00S,1,1610612751,BKN,1630556,Edwards,K. Edwards,5,2,1,Made,1,23,24,47,v,Edwards 1' Cutting Dunk Shot (5 PTS) (Irving 2 AST),Made Shot,Cutting Dunk Shot,1,2,55
0022100706,77,PT04M59.00S,1,1610612750,MIN,1626157,Towns,K. Towns,27,57,6,Missed,1,,,0,h,MISS Towns 6' Turnaround Hook Shot,Missed Shot,Turnaround Hook Shot,1,2,56
0022100706,78,PT04M59.00S,1,0,,1610612750,,,0,0,0,,0,,,0,h,TIMBERWOLVES Rebound,Rebound,Unknown,0,0,57
0022100706,79,PT04M59.00S,1,1610612751,BKN,1630556,Edwards,K. Edwards,0,0,0,,0,,,0,v,Edwards L.B.FOUL (P2.T4) (K.Cutler),Foul,Loose Ball,1,0,58
0022100706,81,PT04M59.00S,1,1610612750,MIN,1626156,Russell,D. Russell,0,0,0,,0,,,0,h,SUB: Nowell FOR Russell,Substitution,,0,0,59
0022100706,82,PT04M59.00S,1,1610612751,BKN,202681,Irving,K. Irving,0,0,0,,0,,,0,v,SUB: Thomas FOR Irving,Substitution,,0,0,60
0022100706,83,PT04M59.00S,1,1610612751,BKN,1630556,Edwards,K. Edwards,0,0,0,,0,,,0,v,SUB: Aldridge FOR Edwards,Substitution,,0,0,61
0022100706,84,PT04M59.00S,1,1610612751,BKN,1630549,Sharpe,D. Sharpe,0,0,0,,0,,,0,v,SUB: Johnson FOR Sharpe,Substitution,,0,0,62
0022100706,89,PT04M51.00S,1,1610612750,MIN,1630183,McDaniels,J. McDaniels,207,138,25,Missed,1,,,0,h,MISS McDaniels 25' 3PT Jump Shot,Missed Shot,Jump Shot,1,3,63
0022100706,90,PT04M49.00S,1,1610612751,BKN,1627761,Bembry,D. Bembry,0,0,0,,0,,,0,v,Bembry REBOUND (Off:0 Def:1),Rebound,Unknown,1,0,64
0022100706,91,PT04M33.00S,1,1610612751,BKN,1627761,Bembry,D. Bembry,-141,215,26,Missed,1,,,0,v,MISS Bembry 26' 3PT Jump Shot,Missed Shot,Jump Shot,1,3,65
0022100706,92,PT04M29.00S,1,1610612751,BKN,201949,Johnson,J. Johnson,0,0,0,,0,,,0,v,Johnson REBOUND (Off:1 Def:0),Rebound,Unknown,1,0,66
0022100706,93,PT04M29.00S,1,1610612751,BKN,201949,Johnson,J. Johnson,0,0,0,Made,1,23,26,49,v,Johnson Tip Layup Shot (2 PTS),Made Shot,Tip Layup Shot,1,2,67
0022100706,94,PT04M23.00S,1,1610612751,BKN,201935,Harden,J. Harden,0,0,0,,0,,,0,v,Harden P.FOUL (P1.PN) (J.Goldenberg),Foul,Personal,1,0,68
0022100706,96,PT04M23.00S,1,1610612750,MIN,1630162,Edwards,A. Edwards,0,0,0,,0,24,26,50,h,Edwards Free Throw 1 of 2 (7 PTS),Free Throw,Free Throw 1 of 2,1,0,69
0022100706,97,PT04M23.00S,1,1610612750,MIN,1629020,Vanderbilt,J. Vanderbilt,0,0,0,,0,,,0,h,SUB: Beasley FOR Vanderbilt,Substitution,,0,0,70
0022100706,99,PT04M23.00S,1,1610612750,MIN,1630162,Edwards,A. Edwards,0,0,0,,0,25,26,51,h,Edwards Free Throw 2 of 2 (8 PTS),Free Throw,Free Throw 2 of 2,1,0,71
0022100706,100,PT04M10.00S,1,1610612751,BKN,200746,Aldridge,L. Aldridge,96,189,21,Missed,1,,,0,v,MISS Aldridge 21' Jump Shot,Missed Shot,Jump Shot,1,2,72
0022100706,101,PT04M06.00S,1,1610612751,BKN,1627761,Bembry,D. Bembry,0,0,0,,0,,,0,v,Bembry REBOUND (Off:1 Def:1),Rebound,Unknown,1,0,73
0022100706,102,PT04M01.00S,1,1610612750,MIN,1630162,Edwards,A. Edwards,0,0,0,,0,,,0,h,Edwards Violation:Kicked Ball (K.Cutler),Violation,Kicked Ball,0,0,74
0022100706,103,PT03M53.00S,1,1610612751,BKN,201935,Harden,J. Harden,-88,243,26,Missed,1,,,0,v,MISS Harden 26' 3PT Pullup Jump Shot,Missed Shot,Pullup Jump shot,1,3,75
0022100706,104,PT03M50.00S,1,1610612750,MIN,1626157,Towns,K. Towns,0,0,0,,0,,,0,h,Towns REBOUND (Off:0 Def:1),Rebound,Unknown,1,0,76
0022100706,105,PT03M39.00S,1,1610612750,MIN,1630162,Edwards,A. Edwards,58,261,27,Missed,1,,,0,h,MISS Edwards 27' 3PT Pullup Jump Shot,Missed Shot,Pullup Jump shot,1,3,77
0022100706,106,PT03M36.00S,1,1610612751,BKN,201949,Johnson,J. Johnson,0,0,0,,0,,,0,v,Johnson REBOUND (Off:1 Def:1),Rebound,Unknown,1,0,78
0022100706,107,PT03M30.00S,1,1610612751,BKN,201935,Harden,J. Harden,10,10,1,Missed,1,,,0,v,MISS Harden 1' Driving Floating Jump Shot,Missed Shot,Driving Floating Jump Shot,1,2,79
0022100706,107,PT03M30.00S,1,1610612750,MIN,1626157,Towns,K. Towns,0,0,0,,0,,,0,h,Towns BLOCK (1 BLK),,,1,2,80
0022100706,109,PT03M28.00S,1,1610612750,MIN,1626157,Towns,K. Towns,0,0,0,,0,,,0,h,Towns REBOUND (Off:0 Def:2),Rebound,Unknown,1,0,81
0022100706,110,PT03M23.00S,1,1610612750,MIN,1629669,Nowell,J. Nowell,-5,15,2,Made,1,27,26,53,h,Nowell 2' Running Layup (2 PTS),Made Shot,Running Layup Shot,1,2,82
0022100706,111,PT03M10.00S,1,1610612750,MIN,1626157,Towns,K. Towns,0,0,0,,0,,,0,h,Towns Violation:Kicked Ball (K.Cutler),Violation,Kicked Ball,0,0,83
0022100706,112,PT03M10.00S,1,0,,1610612751,,,0,0,0,,0,,,0,v,Nets Timeout: Regular (Reg.1 Short 0),Timeout,Regular,0,0,84
0022100706,113,PT03M10.00S,1,1610612750,MIN,1630162,Edwards,A. Edwards,0,0,0,,0,,,0,h,SUB: Prince FOR Edwards,Substitution,,0,0,85
0022100706,114,PT03M10.00S,1,1610612751,BKN,201935,Harden,J. Harden,0,0,0,,0,,,0,v,SUB: Irving FOR Harden,Substitution,,0,0,86
0022100706,117,PT03M02.00S,1,1610612751,BKN,202681,Irving,K. Irving,0,0,0,,0,,,0,v,Irving Out of Bounds - Bad Pass Turnover Turnover (P1.T3),Turnover,Out of Bounds - Bad Pass Turnover,1,0,87
0022100706,118,PT02M48.00S,1,1610612750,MIN,1627752,Prince,T. Prince,100,167,19,Made,1,29,26,55,h,Prince 19' Pullup Jump Shot (2 PTS) (Nowell 1 AST),Made Shot,Pullup Jump shot,1,2,88
0022100706,120,PT02M34.00S,1,1610612751,BKN,200746,Aldridge,L. Aldridge,152,89,18,Missed,1,,,0,v,MISS Aldridge 18' Jump Shot,Missed Shot,Jump Shot,1,2,89
0022100706,121,PT02M30.00S,1,1610612751,BKN,201949,Johnson,J. Johnson,0,0,0,,0,,,0,v,Johnson REBOUND (Off:2 Def:1),Rebound,Unknown,1,0,90
0022100706,122,PT02M27.00S,1,1610612751,BKN,1630560,Thomas,C. Thomas,-158,-1,16,Made,1,29,28,57,v,Thomas 16' Pullup Jump Shot (2 PTS) (Aldridge 1 AST),Made Shot,Pullup Jump shot,1,2,91
0022100706,124,PT02M08.00S,1,1610612750,MIN,1626157,Towns,K. Towns,98,31,10,Missed,1,,,0,h,MISS Towns 10' Driving Floating Jump Shot,Missed Shot,Driving Floating Jump Shot,1,2,92
0022100706,125,PT02M06.00S,1,1610612751,BKN,202681,Irving,K. Irving,0,0,0,,0,,,0,v,Irving REBOUND (Off:0 Def:2),Rebound,Unknown,1,0,93
0022100706,126,PT01M57.00S,1,1610612751,BKN,200746,Aldridge,L. Aldridge,-12,17,2,Made,1,29,30,59,v,Aldridge 2' Cutting Dunk Shot (2 PTS) (Johnson 1 AST),Made Shot,Cutting Dunk Shot,1,2,94
0022100706,128,PT01M43.00S,1,1610612750,MIN,1626157,Towns,K. Towns,0,0,0,,0,,,0,h,Towns Bad Pass Turnover (P2.T2),Turnover,Bad Pass,1,0,95
0022100706,128,PT01M43.00S,1,1610612751,BKN,1627761,Bembry,D. Bembry,0,0,0,,0,,,0,v,Bembry STEAL (1 STL),,,1,0,96
0022100706,130,PT01M40.00S,1,1610612751,BKN,1627761,Bembry,D. Bembry,4,7,1,Made,1,29,32,61,v,Bembry 1' Running Dunk (2 PTS),Made Shot,Running Dunk Shot,1,2,97
0022100706,131,PT01M25.00S,1,1610612750,MIN,1627752,Prince,T. Prince,1,11,1,Made,1,31,32,63,h,Prince 1' Driving Reverse Layup (4 PTS) (McDaniels 1 AST),Made Shot,Driving Reverse Layup Shot,1,2,98
0022100706,133,PT01M09.00S,1,1610612751,BKN,1630560,Thomas,C. Thomas,-97,90,13,Made,1,31,34,65,v,Thomas 13' Pullup Jump Shot (4 PTS) (Irving 3 AST),Made Shot,Pullup Jump shot,1,2,99
0022100706,135,PT00M57.30S,1,1610612750,MIN,1626157,Towns,K. Towns,161,208,26,Missed,1,,,0,h,MISS Towns 26' 3PT Jump Shot,Missed Shot,Jump Shot,1,3,100
0022100706,136,PT00M53.10S,1,1610612751,BKN,1627761,Bembry,D. Bembry,0,0,0,,0,,,0,v,Bembry REBOUND (Off:1 Def:2),Rebound,Unknown,1,0,101
0022100706,137,PT00M53.10S,1,1610612751,BKN,200746,Aldridge,L. Aldridge,0,0,0,,0,,,0,v,Aldridge OFF.Foul (P1) (J.Goldenberg),Foul,Offensive,1,0,102
0022100706,139,PT00M53.10S,1,1610612751,BKN,200746,Aldridge,L. Aldridge,0,0,0,,0,,,0,v,Aldridge Offensive Foul Turnover (P1.T4),Turnover,Offensive Foul Turnover,1,0,103
0022100706,140,PT00M53.10S,1,1610612750,MIN,1630183,McDaniels,J. McDaniels,0,0,0,,0,,,0,h,SUB: Reid FOR McDaniels,Substitution,,0,0,104
0022100706,141,PT00M53.10S,1,1610612750,MIN,1626157,Towns,K. Towns,0,0,0,,0,,,0,h,SUB: Okogie FOR Towns,Substitution,,0,0,105
0022100706,144,PT00M33.90S,1,1610612750,MIN,1629669,Nowell,J. Nowell,36,121,13,Made,1,33,34,67,h,Nowell 13' Step Back Jump Shot (4 PTS),Made Shot,Step Back Jump shot,1,2,106
0022100706,145,PT00M27.10S,1,1610612751,BKN,201949,Johnson,J. Johnson,-15,33,4,Missed,1,,,0,v,MISS Johnson 4' Driving Layup,Missed Shot,Driving Layup Shot,1,2,107
0022100706,145,PT00M27.10S,1,1610612750,MIN,1629675,Reid,N. Reid,0,0,0,,0,,,0,h,Reid BLOCK (1 BLK),,,1,2,108
0022100706,147,PT00M27.10S,1,0,,1610612751,,,0,0,0,,0,,,0,v,Nets Rebound,Rebound,Unknown,0,0,109
0022100706,149,PT00M20.20S,1,1610612751,BKN,202681,Irving,K. Irving,100,57,12,Missed,1,,,0,v,MISS Irving 12' Turnaround Fadeaway Shot,Missed Shot,Turnaround Fadeaway shot,1,2,110
0022100706,150,PT00M18.20S,1,1610612751,BKN,201949,Johnson,J. Johnson,0,0,0,,0,,,0,v,Johnson REBOUND (Off:3 Def:1),Rebound,Unknown,1,0,111
0022100706,158,PT00M18.20S,1,1610612751,BKN,201949,Johnson,J. Johnson,12,18,2,Missed,1,,,0,v,MISS Johnson 2' Putback Layup,Missed Shot,Putback Layup Shot,1,2,112
0022100706,159,PT00M18.20S,1,1610612751,BKN,200746,Aldridge,L. Aldridge,0,0,0,,0,,,0,v,Aldridge REBOUND (Off:1 Def:0),Rebound,Unknown,1,0,113
0022100706,151,PT00M17.50S,1,1610612751,BKN,200746,Aldridge,L. Aldridge,4,8,1,Made,1,33,36,69,v,Aldridge 1' Tip Layup Shot (4 PTS),Made Shot,Tip Layup Shot,1,2,114
0022100706,152,PT00M05.10S,1,1610612750,MIN,1629669,Nowell,J. Nowell,94,245,26,Made,1,36,36,72,h,Nowell 26' 3PT Jump Shot (7 PTS),Made Shot,Jump Shot,1,3,115
0022100706,153,PT00M05.10S,1,1610612751,BKN,201949,Johnson,J. Johnson,0,0,0,,0,,,0,v,Johnson S.FOUL (P1.PN) (K.Cutler),Foul,Shooting,1,0,116
0022100706,155,PT00M05.10S,1,1610612750,MIN,1629669,Nowell,J. Nowell,0,0,0,,0,37,36,73,h,Nowell Free Throw 1 of 1 (8 PTS),Free Throw,Free Throw 1 of 1,1,0,117
0022100706,156,PT00M03.00S,1,1610612750,MIN,1629006,Okogie,J. Okogie,0,0,0,,0,,,0,h,Okogie Personal Take Foul (P1.T2) (J.Goldenberg),Foul,Personal Take,1,0,118
0022100706,160,PT00M00.00S,1,0,,0,,,0,0,0,,0,37,36,73,,End of 1st Period (8:35 PM EST),period,end,1,0,119
0022100706,167,PT12M00.00S,2,0,,0,,,0,0,0,,0,37,36,73,,Start of 2nd Period (8:38 PM EST),period,start,0,0,120
0022100706,168,PT11M46.00S,2,1610612751,BKN,200746,Aldridge,L. Aldridge,31,134,14,Missed,1,,,0,v,MISS Aldridge 14' Jump Shot,Missed Shot,Jump Shot,1,2,121
0022100706,169,PT11M42.00S,2,1610612750,MIN,1629669,Nowell,J. Nowell,0,0,0,,0,,,0,h,Nowell REBOUND (Off:0 Def:1),Rebound,Unknown,1,0,122
0022100706,171,PT11M34.00S,2,1610612750,MIN,1627736,Beasley,M. Beasley,9,67,7,Missed,1,,,0,h,MISS Beasley 7' Floating Jump Shot,Missed Shot,Floating Jump shot,1,2,123
0022100706,172,PT11M31.00S,2,1610612751,BKN,200746,Aldridge,L. Aldridge,0,0,0,,0,,,0,v,Aldridge REBOUND (Off:1 Def:1),Rebound,Unknown,1,0,124
0022100706,173,PT11M25.00S,2,1610612751,BKN,201935,Harden,J. Harden,-5,20,2,Missed,1,,,0,v,MISS Harden 2' Driving Layup,Missed Shot,Driving Layup Shot,1,2,125
0022100706,173,PT11M25.00S,2,1610612750,MIN,1627736,Beasley,M. Beasley,0,0,0,,0,,,0,h,Beasley BLOCK (1 BLK),,,1,2,126
0022100706,175,PT11M25.00S,2,0,,1610612751,,,0,0,0,,0,,,0,v,Nets Rebound,Rebound,Unknown,0,0,127
0022100706,177,PT11M21.00S,2,1610612751,BKN,201988,Mills,P. Mills,0,0,0,,0,,,0,v,Mills Out of Bounds - Bad Pass Turnover Turnover (P1.T5),Turnover,Out of Bounds - Bad Pass Turnover,1,0,128
0022100706,178,PT11M16.00S,2,1610612750,MIN,1629675,Reid,N. Reid,0,0,0,,0,,,0,h,Reid OFF.Foul (P1) (K.Cutler),Foul,Offensive,1,0,129
0022100706,180,PT11M16.00S,2,1610612750,MIN,1629675,Reid,N. Reid,0,0,0,,0,,,0,h,Reid Offensive Foul Turnover (P1.T3),Turnover,Offensive Foul Turnover,1,0,130
0022100706,181,PT11M04.00S,2,1610612750,MIN,1629669,Nowell,J. Nowell,0,0,0,,0,,,0,h,Nowell S.FOUL (P1.T1) (K.Cutler),Foul,Shooting,1,0,131
0022100706,183,PT11M04.00S,2,1610612751,BKN,201935,Harden,J. Harden,0,0,0,,0,37,37,74,v,Harden Free Throw 1 of 2 (1 PTS),Free Throw,Free Throw 1 of 2,1,0,132
0022100706,184,PT11M04.00S,2,1610612751,BKN,201935,Harden,J. Harden,0,0,0,,0,37,38,75,v,Harden Free Throw 2 of 2 (2 PTS),Free Throw,Free Throw 2 of 2,1,0,133
0022100706,185,PT10M47.00S,2,1610612750,MIN,1629006,Okogie,J. Okogie,-9,13,2,Made,1,39,38,77,h,Okogie 2' Turnaround Fadeaway Bank Jump Shot (2 PTS),Made Shot,Turnaround Fadeaway Bank Jump Shot,1,2,134
0022100706,186,PT10M35.00S,2,1610612751,BKN,200746,Aldridge,L. Aldridge,-2,15,2,Made,1,39,40,79,v,Aldridge 2' Layup (6 PTS) (Harden 6 AST),Made Shot,Layup Shot,1,2,135
0022100706,188,PT10M21.00S,2,1610612750,MIN,1629669,Nowell,J. Nowell,-23,40,5,Made,1,41,40,81,h,Nowell 5' Driving Floating Jump Shot (10 PTS) (Reid 1 AST),Made Shot,Driving Floating Jump Shot,1,2,136
0022100706,189,PT10M05.00S,2,1610612751,BKN,201988,Mills,P. Mills,-142,211,25,Made,1,41,43,84,v,Mills 25' 3PT Jump Shot (10 PTS) (Harden 7 AST),Made Shot,Jump Shot,1,3,137
0022100706,191,PT09M53.00S,2,1610612751,BKN,200746,Aldridge,L. Aldridge,0,0,0,,0,,,0,v,Aldridge S.FOUL (P2.T1) (K.Cutler),Foul,Shooting,1,0,138
0022100706,193,PT09M53.00S,2,1610612750,MIN,1629669,Nowell,J. Nowell,0,0,0,,0,42,43,85,h,Nowell Free Throw 1 of 2 (11 PTS),Free Throw,Free Throw 1 of 2,1,0,139
0022100706,198,PT09M53.00S,2,1610612750,MIN,1629669,Nowell,J. Nowell,0,0,0,,0,43,43,86,h,Nowell Free Throw 2 of 2 (12 PTS),Free Throw,Free Throw 2 of 2,1,0,140
0022100706,194,PT09M53.00S,2,1610612750,MIN,1627736,Beasley,M. Beasley,0,0,0,,0,,,0,h,SUB: Russell FOR Beasley,Substitution,,0,0,141
0022100706,195,PT09M53.00S,2,1610612751,BKN,1630560,Thomas,C. Thomas,0,0,0,,0,,,0,v,SUB: Brown FOR Thomas,Substitution,,0,0,142
0022100706,199,PT09M44.00S,2,1610612751,BKN,201935,Harden,J. Harden,0,0,0,,0,,,0,v,Harden Lost Ball Turnover (P1.T6),Turnover,Lost Ball,1,0,143
0022100706,199,PT09M44.00S,2,1610612750,MIN,1629675,Reid,N. Reid,0,0,0,,0,,,0,h,Reid STEAL (1 STL),,,1,0,144
0022100706,201,PT09M41.00S,2,1610612750,MIN,1629675,Reid,N. Reid,4,3,1,Made,1,45,43,88,h,Reid 1' Running Dunk (2 PTS),Made Shot,Running Dunk Shot,1,2,145
0022100706,202,PT09M41.00S,2,1610612751,BKN,1628971,Brown,B. Brown,0,0,0,,0,,,0,v,Brown S.FOUL (P1.T2) (C.Blair),Foul,Shooting,1,0,146
0022100706,204,PT09M41.00S,2,1610612750,MIN,1629675,Reid,N. Reid,0,0,0,,0,,,0,h,MISS Reid Free Throw 1 of 1,Free Throw,Free Throw 1 of 1,1,0,147
0022100706,205,PT09M39.00S,2,1610612751,BKN,1628971,Brown,B. Brown,0,0,0,,0,,,0,v,Brown REBOUND (Off:0 Def:1),Rebound,Unknown,1,0,148
0022100706,206,PT09M31.00S,2,1610612751,BKN,201988,Mills,P. Mills,-180,180,25,Missed,1,,,0,v,MISS Mills 25' 3PT Jump Shot,Missed Shot,Jump Shot,1,3,149
0022100706,207,PT09M26.00S,2,1610612750,MIN,1629669,Nowell,J. Nowell,0,0,0,,0,,,0,h,Nowell REBOUND (Off:0 Def:2),Rebound,Unknown,1,0,150
0022100706,208,PT09M23.00S,2,1610612751,BKN,1630556,Edwards,K. Edwards,0,0,0,,0,,,0,v,Edwards P.FOUL (P3.T3) (J.Goldenberg),Foul,Personal,1,0,151
0022100706,211,PT09M23.00S,2,1610612751,BKN,1630556,Edwards,K. Edwards,0,0,0,,0,,,0,v,SUB: Griffin FOR Edwards,Substitution,,0,0,152
0022100706,212,PT09M23.00S,2,1610612751,BKN,200746,Aldridge,L. Aldridge,0,0,0,,0,,,0,v,SUB: Johnson FOR Aldridge,Substitution,,0,0,153
0022100706,215,PT09M21.00S,2,1610612750,MIN,1627752,Prince,T. Prince,0,0,0,,0,,,0,h,Prince OFF.Foul (P1) (J.Goldenberg),Foul,Offensive,1,0,154
0022100706,217,PT09M21.00S,2,1610612750,MIN,1627752,Prince,T. Prince,0,0,0,,0,,,0,h,Prince Offensive Foul Turnover (P1.T4),Turnover,Offensive Foul Turnover,1,0,155
0022100706,218,PT09M05.00S,2,1610612751,BKN,1628971,Brown,B. Brown,232,-3,0,Missed,1,,,0,v,MISS Brown 3PT Jump Shot,Missed Shot,Jump Shot,1,3,156
0022100706,219,PT09M02.00S,2,1610612751,BKN,1628971,Brown,B. Brown,0,0,0,,0,,,0,v,Brown REBOUND (Off:1 Def:1),Rebound,Unknown,1,0,157
0022100706,220,PT08M56.00S,2,1610612751,BKN,1628971,Brown,B. Brown,12,11,2,Made,1,45,45,90,v,Brown 2' Cutting Layup Shot (2 PTS) (Johnson 2 AST),Made Shot,Cutting Layup Shot,1,2,158
0022100706,222,PT08M45.00S,2,1610612750,MIN,1629675,Reid,N. Reid,4,10,1,Made,1,47,45,92,h,Reid 1' Cutting Layup Shot (4 PTS) (Russell 3 AST),Made Shot,Cutting Layup Shot,1,2,159
0022100706,224,PT08M21.00S,2,1610612750,MIN,1629669,Nowell,J. Nowell,0,0,0,,0,,,0,h,Jump Ball Nowell vs. Harden: Tip to Mills,Jump Ball,,1,0,160
0022100706,228,PT08M16.00S,2,1610612751,BKN,201935,Harden,J. Harden,0,0,0,,0,,,0,v,Harden Bad Pass Turnover (P2.T7),Turnover,Bad Pass,1,0,161
0022100706,228,PT08M16.00S,2,1610612750,MIN,1626156,Russell,D. Russell,0,0,0,,0,,,0,h,Russell STEAL (1 STL),,,1,0,162
0022100706,230,PT08M12.00S,2,1610612750,MIN,1627752,Prince,T. Prince,-1,10,1,Made,1,49,45,94,h,Prince 1' Driving Layup (6 PTS) (Russell 4 AST),Made Shot,Driving Layup Shot,1,2,163
0022100706,232,PT08M12.00S,2,1610612751,BKN,201933,Griffin,B. Griffin,0,0,0,,0,,,0,v,Griffin S.FOUL (P1.T4) (J.Goldenberg),Foul,Shooting,1,0,164
0022100706,234,PT08M12.00S,2,1610612750,MIN,1629669,Nowell,J. Nowell,0,0,0,,0,,,0,h,SUB: Edwards FOR Nowell,Substitution,,0,0,165
0022100706,236,PT08M12.00S,2,1610612750,MIN,1627752,Prince,T. Prince,0,0,0,,0,50,45,95,h,Prince Free Throw 1 of 1 (7 PTS),Free Throw,Free Throw 1 of 1,1,0,166
0022100706,237,PT08M02.00S,2,1610612751,BKN,201949,Johnson,J. Johnson,-1,5,1,Made,1,50,47,97,v,Johnson 1' Cutting Dunk Shot (4 PTS) (Griffin 1 AST),Made Shot,Cutting Dunk Shot,1,2,167
0022100706,239,PT07M45.00S,2,1610612750,MIN,1630162,Edwards,A. Edwards,0,0,0,,0,,,0,h,Edwards Offensive Charge Foul (P2) (C.Blair),Foul,Offensive Charge,1,0,168
0022100706,241,PT07M45.00S,2,1610612750,MIN,1630162,Edwards,A. Edwards,0,0,0,,0,,,0,h,Edwards Offensive Foul Turnover (P1.T5),Turnover,Offensive Foul Turnover,1,0,169
0022100706,242,PT07M45.00S,2,1610612750,MIN,1629006,Okogie,J. Okogie,0,0,0,,0,,,0,h,SUB: Vanderbilt FOR Okogie,Substitution,,0,0,170
0022100706,244,PT07M32.00S,2,1610612751,BKN,201933,Griffin,B. Griffin,-7,65,7,Made,1,50,49,99,v,Griffin 7' Turnaround Hook Shot (2 PTS) (Harden 8 AST),Made Shot,Turnaround Hook Shot,1,2,171
0022100706,246,PT07M22.00S,2,1610612751,BKN,1628971,Brown,B. Brown,0,0,0,,0,,,0,v,Brown P.FOUL (P2.PN) (J.Goldenberg),Foul,Personal,1,0,172
0022100706,248,PT07M22.00S,2,1610612750,MIN,1626156,Russell,D. Russell,0,0,0,,0,51,49,100,h,Russell Free Throw 1 of 2 (11 PTS),Free Throw,Free Throw 1 of 2,1,0,173
0022100706,249,PT07M22.00S,2,1610612750,MIN,1626156,Russell,D. Russell,0,0,0,,0,52,49,101,h,Russell Free Throw 2 of 2 (12 PTS),Free Throw,Free Throw 2 of 2,1,0,174
0022100706,250,PT06M58.00S,2,0,,1610612751,,,0,0,0,,0,,,0,v,Nets Turnover: Shot Clock (T#8),Turnover,Shot Clock Turnover,0,0,175
0022100706,251,PT06M58.00S,2,0,,1610612750,,,0,0,0,,0,,,0,h,TIMBERWOLVES Timeout: Regular (Full 2 Short 0),Timeout,Regular,0,0,176
0022100706,252,PT06M47.00S,2,1610612750,MIN,1627752,Prince,T. Prince,-148,17,15,Made,1,54,49,103,h,Prince 15' Pullup Jump Shot (9 PTS) (Edwards 2 AST),Made Shot,Pullup Jump shot,1,2,177
0022100706,254,PT06M28.00S,2,1610612751,BKN,1628971,Brown,B. Brown,224,3,0,Missed,1,,,0,v,MISS Brown 3PT Jump Shot,Missed Shot,Jump Shot,1,3,178
0022100706,255,PT06M25.00S,2,1610612751,BKN,201933,Griffin,B. Griffin,0,0,0,,0,,,0,v,Griffin REBOUND (Off:1 Def:0),Rebound,Unknown,1,0,179
0022100706,256,PT06M20.00S,2,1610612751,BKN,201935,Harden,J. Harden,-211,131,25,Missed,1,,,0,v,MISS Harden 25' 3PT Step Back Jump Shot,Missed Shot,Step Back Jump shot,1,3,180
0022100706,257,PT06M16.00S,2,1610612751,BKN,1628971,Brown,B. Brown,0,0,0,,0,,,0,v,Brown REBOUND (Off:2 Def:1),Rebound,Unknown,1,0,181
0022100706,258,PT06M04.00S,2,1610612751,BKN,201988,Mills,P. Mills,185,190,27,Missed,1,,,0,v,MISS Mills 27' 3PT Jump Shot,Missed Shot,Jump Shot,1,3,182
0022100706,259,PT06M02.00S,2,1610612750,MIN,1629020,Vanderbilt,J. Vanderbilt,0,0,0,,0,,,0,h,Vanderbilt REBOUND (Off:0 Def:2),Rebound,Unknown,1,0,183
0022100706,260,PT06M02.00S,2,1610612751,BKN,201949,Johnson,J. Johnson,0,0,0,,0,,,0,v,Johnson P.FOUL (P2.PN) (K.Cutler),Foul,Personal,1,0,184
0022100706,262,PT06M02.00S,2,1610612750,MIN,1629020,Vanderbilt,J. Vanderbilt,0,0,0,,0,55,49,104,h,Vanderbilt Free Throw 1 of 2 (3 PTS),Free Throw,Free Throw 1 of 2,1,0,185
0022100706,263,PT06M02.00S,2,1610612751,BKN,201935,Harden,J. Harden,0,0,0,,0,,,0,v,SUB: Irving FOR Harden,Substitution,,0,0,186
0022100706,265,PT06M02.00S,2,1610612750,MIN,1629020,Vanderbilt,J. Vanderbilt,0,0,0,,0,56,49,105,h,Vanderbilt Free Throw 2 of 2 (4 PTS),Free Throw,Free Throw 2 of 2,1,0,187
0022100706,266,PT05M45.00S,2,1610612751,BKN,202681,Irving,K. Irving,-147,207,25,Missed,1,,,0,v,MISS Irving 25' 3PT Jump Shot,Missed Shot,Jump Shot,1,3,188
0022100706,267,PT05M42.00S,2,1610612750,MIN,1629020,Vanderbilt,J. Vanderbilt,0,0,0,,0,,,0,h,Vanderbilt REBOUND (Off:0 Def:3),Rebound,Unknown,1,0,189
0022100706,268,PT05M33.00S,2,1610612750,MIN,1630162,Edwards,A. Edwards,1,4,0,Made,1,58,49,107,h,Edwards Driving Layup (10 PTS) (Russell 5 AST),Made Shot,Driving Layup Shot,1,2,190
0022100706,270,PT05M20.00S,2,1610612751,BKN,201949,Johnson,J. Johnson,222,42,0,Missed,1,,,0,v,MISS Johnson 3PT Jump Shot,Missed Shot,Jump Shot,1,3,191
0022100706,271,PT05M17.00S,2,1610612750,MIN,1626156,Russell,D. Russell,0,0,0,,0,,,0,h,Russell REBOUND (Off:0 Def:1),Rebound,Unknown,1,0,192
0022100706,272,PT05M09.00S,2,1610612750,MIN,1626156,Russell,D. Russell,-96,225,24,Missed,1,,,0,h,MISS Russell 24' 3PT Pullup Jump Shot,Missed Shot,Pullup Jump shot,1,3,193
0022100706,273,PT05M07.00S,2,1610612750,MIN,1629020,Vanderbilt,J. Vanderbilt,0,0,0,,0,,,0,h,Vanderbilt REBOUND (Off:1 Def:3),Rebound,Unknown,1,0,194
0022100706,274,PT04M59.00S,2,1610612750,MIN,1626156,Russell,D. Russell,0,0,0,,0,,,0,h,Russell Bad Pass Turnover (P1.T6),Turnover,Bad Pass,1,0,195
0022100706,274,PT04M59.00S,2,1610612751,BKN,201949,Johnson,J. Johnson,0,0,0,,0,,,0,v,Johnson STEAL (1 STL),,,1,0,196
0022100706,276,PT04M52.00S,2,1610612751,BKN,201988,Mills,P. Mills,-162,194,25,Missed,1,,,0,v,MISS Mills 25' 3PT Jump Shot,Missed Shot,Jump Shot,1,3,197
0022100706,277,PT04M49.00S,2,1610612750,MIN,1629020,Vanderbilt,J. Vanderbilt,0,0,0,,0,,,0,h,Vanderbilt REBOUND (Off:1 Def:4),Rebound,Unknown,1,0,198
0022100706,278,PT04M41.00S,2,1610612750,MIN,1629675,Reid,N. Reid,234,56,24,Missed,1,,,0,h,MISS Reid 24' 3PT Jump Shot,Missed Shot,Jump Shot,1,3,199
0022100706,279,PT04M38.00S,2,1610612751,BKN,201988,Mills,P. Mills,0,0,0,,0,,,0,v,Mills REBOUND (Off:0 Def:1),Rebound,Unknown,1,0,200
0022100706,280,PT04M28.00S,2,1610612751,BKN,201933,Griffin,B. Griffin,-65,247,26,Made,1,58,52,110,v,Griffin 26' 3PT Jump Shot (5 PTS) (Irving 4 AST),Made Shot,Jump Shot,1,3,201
0022100706,282,PT04M08.00S,2,1610612750,MIN,1630162,Edwards,A. Edwards,-118,145,19,Made,1,60,52,112,h,Edwards 19' Turnaround Jump Shot (12 PTS),Made Shot,Turnaround Jump Shot,1,2,202
0022100706,283,PT03M56.00S,2,1610612751,BKN,202681,Irving,K. Irving,27,13,3,Missed,1,,,0,v,MISS Irving 3' Driving Layup,Missed Shot,Driving Layup Shot,1,2,203
0022100706,283,PT03M56.00S,2,1610612750,MIN,1629675,Reid,N. Reid,0,0,0,,0,,,0,h,Reid BLOCK (2 BLK),,,1,2,204
0022100706,285,PT03M54.00S,2,1610612750,MIN,1629020,Vanderbilt,J. Vanderbilt,0,0,0,,0,,,0,h,Vanderbilt REBOUND (Off:1 Def:5),Rebound,Unknown,1,0,205
0022100706,286,PT03M47.00S,2,1610612750,MIN,1630162,Edwards,A. Edwards,206,150,25,Missed,1,,,0,h,MISS Edwards 25' 3PT Step Back Jump Shot,Missed Shot,Step Back Jump shot,1,3,206
0022100706,287,PT03M44.00S,2,1610612751,BKN,202681,Irving,K. Irving,0,0,0,,0,,,0,v,Irving REBOUND (Off:0 Def:3),Rebound,Unknown,1,0,207
0022100706,288,PT03M36.00S,2,1610612751,BKN,201933,Griffin,B. Griffin,39,248,25,Missed,1,,,0,v,MISS Griffin 25' 3PT Jump Shot,Missed Shot,Jump Shot,1,3,208
0022100706,289,PT03M33.00S,2,1610612750,MIN,1630162,Edwards,A. Edwards,0,0,0,,0,,,0,h,Edwards REBOUND (Off:0 Def:1),Rebound,Unknown,1,0,209
0022100706,290,PT03M28.00S,2,1610612750,MIN,1630162,Edwards,A. Edwards,0,6,1,Missed,1,,,0,h,MISS Edwards 1' Running Layup,Missed Shot,Running Layup Shot,1,2,210
0022100706,291,PT03M26.00S,2,1610612751,BKN,201933,Griffin,B. Griffin,0,0,0,,0,,,0,v,Griffin REBOUND (Off:1 Def:1),Rebound,Unknown,1,0,211
0022100706,292,PT03M21.00S,2,1610612751,BKN,201988,Mills,P. Mills,-232,39,24,Missed,1,,,0,v,MISS Mills 24' 3PT Jump Shot,Missed Shot,Jump Shot,1,3,212
0022100706,292,PT03M21.00S,2,1610612750,MIN,1629675,Reid,N. Reid,0,0,0,,0,,,0,h,Reid BLOCK (3 BLK),,,1,3,213
0022100706,294,PT03M21.00S,2,0,,1610612751,,,0,0,0,,0,,,0,v,Nets Rebound,Rebound,Unknown,0,0,214
0022100706,296,PT03M21.00S,2,1610612750,MIN,1629675,Reid,N. Reid,0,0,0,,0,,,0,h,SUB: Towns FOR Reid,Substitution,,0,0,215
0022100706,297,PT03M21.00S,2,1610612750,MIN,1627752,Prince,T. Prince,0,0,0,,0,,,0,h,SUB: McDaniels FOR Prince,Substitution,,0,0,216
0022100706,298,PT03M21.00S,2,1610612751,BKN,1628971,Brown,B. Brown,0,0,0,,0,,,0,v,SUB: Aldridge FOR Brown,Substitution,,0,0,217
0022100706,299,PT03M21.00S,2,1610612751,BKN,201933,Griffin,B. Griffin,0,0,0,,0,,,0,v,SUB: Thomas FOR Griffin,Substitution,,0,0,218
0022100706,300,PT03M21.00S,2,1610612751,BKN,201988,Mills,P. Mills,0,0,0,,0,,,0,v,SUB: Bembry FOR Mills,Substitution,,0,0,219
0022100706,306,PT03M14.00S,2,1610612751,BKN,1630560,Thomas,C. Thomas,183,165,25,Missed,1,,,0,v,MISS Thomas 25' 3PT Jump Shot,Missed Shot,Jump Shot,1,3,220
0022100706,307,PT03M11.00S,2,1610612751,BKN,1627761,Bembry,D. Bembry,0,0,0,,0,,,0,v,Bembry REBOUND (Off:2 Def:2),Rebound,Unknown,1,0,221
0022100706,309,PT03M11.00S,2,1610612751,BKN,201949,Johnson,J. Johnson,0,0,0,,0,,,0,v,SUB: Harden FOR Johnson,Substitution,,0,0,222
0022100706,311,PT02M59.00S,2,1610612751,BKN,202681,Irving,K. Irving,50,85,10,Made,1,60,54,114,v,Irving 10' Turnaround Jump Shot (10 PTS),Made Shot,Turnaround Jump Shot,1,2,223
0022100706,312,PT02M45.00S,2,1610612751,BKN,202681,Irving,K. Irving,0,0,0,,0,,,0,v,Irving P.FOUL (P1.PN) (K.Cutler),Foul,Personal,1,0,224
0022100706,314,PT02M45.00S,2,0,,1610612751,,,0,0,0,,0,,,0,v,Nets Timeout: Regular (Reg.2 Short 0),Timeout,Regular,0,0,225
0022100706,315,PT02M45.00S,2,1610612750,MIN,1626156,Russell,D. Russell,0,0,0,,0,61,54,115,h,Russell Free Throw 1 of 2 (13 PTS),Free Throw,Free Throw 1 of 2,0,0,226
0022100706,316,PT02M45.00S,2,1610612750,MIN,1626156,Russell,D. Russell,0,0,0,,0,62,54,116,h,Russell Free Throw 2 of 2 (14 PTS),Free Throw,Free Throw 2 of 2,0,0,227
0022100706,317,PT02M31.00S,2,1610612750,MIN,1626156,Russell,D. Russell,0,0,0,,0,,,0,h,Russell S.FOUL (P1.T2) (K.Cutler),Foul,Shooting,1,0,228
0022100706,319,PT02M31.00S,2,1610612751,BKN,1627761,Bembry,D. Bembry,0,0,0,,0,62,55,117,v,Bembry Free Throw 1 of 2 (3 PTS),Free Throw,Free Throw 1 of 2,1,0,229
0022100706,320,PT02M31.00S,2,1610612751,BKN,1627761,Bembry,D. Bembry,0,0,0,,0,,,0,v,MISS Bembry Free Throw 2 of 2,Free Throw,Free Throw 2 of 2,1,0,230
0022100706,321,PT02M29.00S,2,1610612750,MIN,1626157,Towns,K. Towns,0,0,0,,0,,,0,h,Towns REBOUND (Off:0 Def:3),Rebound,Unknown,1,0,231
0022100706,322,PT02M17.00S,2,1610612750,MIN,1630162,Edwards,A. Edwards,0,6,1,Missed,1,,,0,h,MISS Edwards 1' Alley Oop Dunk,Missed Shot,Alley Oop Dunk Shot,1,2,232
0022100706,323,PT02M16.00S,2,1610612750,MIN,1629020,Vanderbilt,J. Vanderbilt,0,0,0,,0,,,0,h,Vanderbilt REBOUND (Off:2 Def:5),Rebound,Unknown,1,0,233
0022100706,324,PT02M03.00S,2,1610612750,MIN,1630183,McDaniels,J. McDaniels,105,48,12,Made,1,64,55,119,h,McDaniels 12' Floating Jump Shot (4 PTS) (Russell 6 AST),Made Shot,Floating Jump shot,1,2,234
0022100706,325,PT01M51.00S,2,1610612751,BKN,201935,Harden,J. Harden,0,0,0,,0,,,0,v,Harden Lost Ball Turnover (P3.T9),Turnover,Lost Ball,1,0,235
0022100706,325,PT01M51.00S,2,1610612750,MIN,1630162,Edwards,A. Edwards,0,0,0,,0,,,0,h,Edwards STEAL (1 STL),,,1,0,236
0022100706,327,PT01M46.00S,2,1610612750,MIN,1630183,McDaniels,J. McDaniels,-5,0,1,Made,1,66,55,121,h,McDaniels 1' Running Layup (6 PTS) (Edwards 3 AST),Made Shot,Running Layup Shot,1,2,237
0022100706,329,PT01M31.00S,2,1610612751,BKN,200746,Aldridge,L. Aldridge,-48,121,13,Missed,1,,,0,v,MISS Aldridge 13' Pullup Jump Shot,Missed Shot,Pullup Jump shot,1,2,238
0022100706,330,PT01M29.00S,2,1610612750,MIN,1626157,Towns,K. Towns,0,0,0,,0,,,0,h,Towns REBOUND (Off:0 Def:4),Rebound,Unknown,1,0,239
0022100706,331,PT01M25.00S,2,1610612750,MIN,1630162,Edwards,A. Edwards,-1,4,0,Made,1,68,55,123,h,Edwards Running Layup (14 PTS),Made Shot,Running Layup Shot,1,2,240
0022100706,332,PT01M25.00S,2,1610612751,BKN,1630560,Thomas,C. Thomas,0,0,0,,0,,,0,v,Thomas S.FOUL (P1.PN) (J.Goldenberg),Foul,Shooting,1,0,241
0022100706,334,PT01M25.00S,2,1610612750,MIN,1630162,Edwards,A. Edwards,0,0,0,,0,69,55,124,h,Edwards Free Throw 1 of 1 (15 PTS),Free Throw,Free Throw 1 of 1,0,0,242
0022100706,335,PT01M25.00S,2,1610612751,BKN,201935,Harden,J. Harden,0,0,0,,0,,,0,v,Harden T.FOUL (P1.PN) (C.Blair),Foul,Technical,1,0,243
0022100706,336,PT01M25.00S,2,1610612750,MIN,1630162,Edwards,A. Edwards,0,0,0,,0,,,0,h,MISS Edwards Free Throw Technical,Free Throw,Free Throw Technical,0,0,244
0022100706,337,PT01M25.00S,2,0,,1610612751,,,0,0,0,,0,,,0,v,Nets Rebound,Rebound,Normal Rebound,0,0,245
0022100706,338,PT01M14.00S,2,1610612750,MIN,1629020,Vanderbilt,J. Vanderbilt,0,0,0,,0,,,0,h,Vanderbilt S.FOUL (P1.T3) (J.Goldenberg),Foul,Shooting,1,0,246
0022100706,341,PT01M14.00S,2,1610612751,BKN,201935,Harden,J. Harden,0,0,0,,0,69,56,125,v,Harden Free Throw 1 of 2 (3 PTS),Free Throw,Free Throw 1 of 2,1,0,247
0022100706,342,PT01M14.00S,2,1610612751,BKN,201935,Harden,J. Harden,0,0,0,,0,69,57,126,v,Harden Free Throw 2 of 2 (4 PTS),Free Throw,Free Throw 2 of 2,1,0,248
0022100706,343,PT01M00.00S,2,1610612750,MIN,1626157,Towns,K. Towns,2,136,14,Missed,1,,,0,h,MISS Towns 14' Turnaround Fadeaway Shot,Missed Shot,Turnaround Fadeaway shot,1,2,249
0022100706,344,PT00M57.30S,2,1610612750,MIN,1630183,McDaniels,J. McDaniels,0,0,0,,0,,,0,h,McDaniels REBOUND (Off:1 Def:2),Rebound,Unknown,1,0,250
0022100706,345,PT00M57.30S,2,1610612750,MIN,1630183,McDaniels,J. McDaniels,0,0,0,Missed,1,,,0,h,MISS McDaniels Tip Layup Shot,Missed Shot,Tip Layup Shot,1,2,251
0022100706,346,PT00M57.30S,2,0,,1610612751,,,0,0,0,,0,,,0,v,Nets Rebound,Rebound,Unknown,0,0,252
0022100706,347,PT00M57.30S,2,1610612750,MIN,1630183,McDaniels,J. McDaniels,0,0,0,,0,,,0,h,McDaniels L.B.FOUL (P1.PN) (J.Goldenberg),Foul,Loose Ball,1,0,253
0022100706,349,PT00M57.30S,2,1610612751,BKN,1630560,Thomas,C. Thomas,0,0,0,,0,69,58,127,v,Thomas Free Throw 1 of 2 (5 PTS),Free Throw,Free Throw 1 of 2,1,0,254
0022100706,350,PT00M57.30S,2,1610612751,BKN,1630560,Thomas,C. Thomas,0,0,0,,0,69,59,128,v,Thomas Free Throw 2 of 2 (6 PTS),Free Throw,Free Throw 2 of 2,1,0,255
0022100706,351,PT00M42.40S,2,1610612750,MIN,1626156,Russell,D. Russell,50,246,25,Made,1,72,59,131,h,Russell 25' 3PT Step Back Jump Shot (17 PTS),Made Shot,Step Back Jump shot,1,3,256
0022100706,352,PT00M30.40S,2,1610612751,BKN,201935,Harden,J. Harden,-232,25,0,Made,1,72,62,134,v,Harden 3PT Step Back Jump Shot (7 PTS),Made Shot,Step Back Jump shot,1,3,257
0022100706,353,PT00M19.10S,2,1610612750,MIN,1626156,Russell,D. Russell,230,1,0,Missed,1,,,0,h,MISS Russell 3PT Jump Shot,Missed Shot,Jump Shot,1,3,258
0022100706,354,PT00M16.70S,2,1610612751,BKN,1630560,Thomas,C. Thomas,0,0,0,,0,,,0,v,Thomas REBOUND (Off:0 Def:1),Rebound,Unknown,1,0,259
0022100706,355,PT00M01.60S,2,1610612751,BKN,201935,Harden,J. Harden,21,22,3,Missed,1,,,0,v,MISS Harden 3' Driving Layup,Missed Shot,Driving Layup Shot,1,2,260
0022100706,355,PT00M01.60S,2,1610612750,MIN,1626157,Towns,K. Towns,0,0,0,,0,,,0,h,Towns BLOCK (2 BLK),,,1,2,261
0022100706,357,PT00M01.60S,2,1610612750,MIN,1626156,Russell,D. Russell,0,0,0,,0,,,0,h,Russell REBOUND (Off:0 Def:2),Rebound,Unknown,1,0,262
0022100706,358,PT00M00.00S,2,0,,0,,,0,0,0,,0,72,62,134,,End of 2nd Period (9:09 PM EST),period,end,1,0,263
0022100706,365,PT12M00.00S,3,0,,0,,,0,0,0,,0,72,62,134,,Start of 3rd Period (9:25 PM EST),period,start,0,0,264
0022100706,366,PT11M45.00S,3,1610612751,BKN,202681,Irving,K. Irving,102,243,26,Missed,1,,,0,v,MISS Irving 26' 3PT Jump Shot,Missed Shot,Jump Shot,1,3,265
0022100706,367,PT11M41.00S,3,1610612751,BKN,1630549,Sharpe,D. Sharpe,0,0,0,,0,,,0,v,Sharpe REBOUND (Off:3 Def:2),Rebound,Unknown,1,0,266
0022100706,368,PT11M40.00S,3,1610612751,BKN,1630549,Sharpe,D. Sharpe,0,0,0,,0,,,0,v,Sharpe Bad Pass Turnover (P2.T10),Turnover,Bad Pass,1,0,267
0022100706,368,PT11M40.00S,3,1610612750,MIN,1626157,Towns,K. Towns,0,0,0,,0,,,0,h,Towns STEAL (1 STL),,,1,0,268
0022100706,370,PT11M35.00S,3,1610612750,MIN,1626157,Towns,K. Towns,-55,242,25,Missed,1,,,0,h,MISS Towns 25' 3PT Jump Shot,Missed Shot,Jump Shot,1,3,269
0022100706,371,PT11M32.00S,3,1610612751,BKN,202681,Irving,K. Irving,0,0,0,,0,,,0,v,Irving REBOUND (Off:0 Def:4),Rebound,Unknown,1,0,270
0022100706,372,PT11M28.00S,3,1610612751,BKN,202681,Irving,K. Irving,49,125,13,Missed,1,,,0,v,MISS Irving 13' Pullup Jump Shot,Missed Shot,Pullup Jump shot,1,2,271
0022100706,373,PT11M25.00S,3,1610612750,MIN,1626156,Russell,D. Russell,0,0,0,,0,,,0,h,Russell REBOUND (Off:0 Def:3),Rebound,Unknown,1,0,272
0022100706,374,PT11M16.00S,3,1610612750,MIN,1626156,Russell,D. Russell,-98,44,11,Made,1,74,62,136,h,Russell 11' Driving Floating Bank Jump Shot (19 PTS),Made Shot,Driving Floating Bank Jump Shot,1,2,273
0022100706,375,PT11M03.00S,3,1610612751,BKN,201988,Mills,P. Mills,-21,243,24,Made,1,74,65,139,v,Mills 24' 3PT Jump Shot (13 PTS) (Harden 9 AST),Made Shot,Jump Shot,1,3,274
0022100706,378,PT10M37.00S,3,1610612750,MIN,1626157,Towns,K. Towns,0,0,0,,0,,,0,h,Towns OFF.Foul (P1) (J.Goldenberg),Foul,Offensive,1,0,275
0022100706,380,PT10M37.00S,3,1610612750,MIN,1626157,Towns,K. Towns,0,0,0,,0,,,0,h,Towns Offensive Foul Turnover (P3.T7),Turnover,Offensive Foul Turnover,1,0,276
0022100706,381,PT10M24.00S,3,1610612751,BKN,201935,Harden,J. Harden,4,21,2,Missed,1,,,0,v,MISS Harden 2' Driving Floating Jump Shot,Missed Shot,Driving Floating Jump Shot,1,2,277
0022100706,382,PT10M21.00S,3,1610612750,MIN,1626157,Towns,K. Towns,0,0,0,,0,,,0,h,Towns REBOUND (Off:0 Def:5),Rebound,Unknown,1,0,278
0022100706,383,PT10M16.00S,3,1610612750,MIN,1630162,Edwards,A. Edwards,-4,8,1,Missed,1,,,0,h,MISS Edwards 1' Driving Layup,Missed Shot,Driving Layup Shot,1,2,279
0022100706,384,PT10M15.00S,3,1610612751,BKN,1630556,Edwards,K. Edwards,0,0,0,,0,,,0,v,Edwards REBOUND (Off:0 Def:2),Rebound,Unknown,1,0,280
0022100706,385,PT10M08.00S,3,1610612751,BKN,1630556,Edwards,K. Edwards,-37,147,15,Made,1,74,67,141,v,Edwards 15' Pullup Jump Shot (7 PTS),Made Shot,Pullup Jump shot,1,2,281
0022100706,386,PT09M47.00S,3,1610612750,MIN,1626156,Russell,D. Russell,-58,97,11,Made,1,76,67,143,h,Russell 11' Driving Floating Jump Shot (21 PTS),Made Shot,Driving Floating Jump Shot,1,2,282
0022100706,387,PT09M19.00S,3,1610612751,BKN,202681,Irving,K. Irving,-208,140,25,Made,1,76,70,146,v,Irving 25' 3PT Jump Shot (13 PTS),Made Shot,Jump Shot,1,3,283
0022100706,389,PT09M01.00S,3,1610612751,BKN,1630549,Sharpe,D. Sharpe,0,0,0,,0,,,0,v,Sharpe P.FOUL (P2.T1) (J.Goldenberg),Foul,Personal,1,0,284
0022100706,391,PT08M59.00S,3,1610612750,MIN,1630183,McDaniels,J. McDaniels,72,236,25,Made,1,79,70,149,h,McDaniels 25' 3PT Jump Shot (9 PTS) (Russell 7 AST),Made Shot,Jump Shot,1,3,285
0022100706,393,PT08M43.00S,3,1610612751,BKN,202681,Irving,K. Irving,0,0,0,,0,,,0,v,Irving Bad Pass Turnover (P2.T11),Turnover,Bad Pass,1,0,286
0022100706,393,PT08M43.00S,3,1610612750,MIN,1630162,Edwards,A. Edwards,0,0,0,,0,,,0,h,Edwards STEAL (2 STL),,,1,0,287
0022100706,395,PT08M38.00S,3,1610612751,BKN,1630556,Edwards,K. Edwards,0,0,0,,0,,,0,v,Edwards S.FOUL (P4.T2) (K.Cutler),Foul,Shooting,1,0,288
0022100706,397,PT08M38.00S,3,1610612750,MIN,1630162,Edwards,A. Edwards,0,0,0,,0,80,70,150,h,Edwards Free Throw 1 of 2 (16 PTS),Free Throw,Free Throw 1 of 2,1,0,289
0022100706,398,PT08M38.00S,3,1610612750,MIN,1630162,Edwards,A. Edwards,0,0,0,,0,81,70,151,h,Edwards Free Throw 2 of 2 (17 PTS),Free Throw,Free Throw 2 of 2,1,0,290
0022100706,399,PT08M20.00S,3,1610612751,BKN,202681,Irving,K. Irving,-13,106,11,Made,1,81,72,153,v,Irving 11' Turnaround Jump Shot (15 PTS),Made Shot,Turnaround Jump Shot,1,2,291
0022100706,400,PT08M07.00S,3,1610612751,BKN,201935,Harden,J. Harden,0,0,0,,0,,,0,v,Harden P.FOUL (P2.T3) (C.Blair),Foul,Personal,1,0,292
0022100706,402,PT07M55.00S,3,1610612750,MIN,1629020,Vanderbilt,J. Vanderbilt,4,13,1,Made,1,83,72,155,h,Vanderbilt 1' Reverse Layup (6 PTS) (Russell 8 AST),Made Shot,Reverse Layup Shot,1,2,293
0022100706,404,PT07M41.00S,3,1610612751,BKN,201935,Harden,J. Harden,0,64,6,Made,1,83,74,157,v,Harden 6' Driving Floating Jump Shot (9 PTS),Made Shot,Driving Floating Jump Shot,1,2,294
0022100706,405,PT07M28.00S,3,1610612750,MIN,1630183,McDaniels,J. McDaniels,-230,4,0,Made,1,86,74,160,h,McDaniels 3PT Jump Shot (12 PTS) (Towns 1 AST),Made Shot,Jump Shot,1,3,295
0022100706,407,PT07M10.00S,3,1610612750,MIN,1626157,Towns,K. Towns,0,0,0,,0,,,0,h,Towns P.FOUL (P2.T1) (C.Blair),Foul,Personal,1,0,296
0022100706,409,PT07M03.00S,3,1610612751,BKN,1630549,Sharpe,D. Sharpe,9,32,3,Missed,1,,,0,v,MISS Sharpe 3' Cutting Layup Shot,Missed Shot,Cutting Layup Shot,1,2,297
0022100706,411,PT07M01.00S,3,1610612750,MIN,1626157,Towns,K. Towns,0,0,0,,0,,,0,h,Towns REBOUND (Off:0 Def:6),Rebound,Unknown,1,0,298
0022100706,412,PT06M56.00S,3,1610612750,MIN,1626157,Towns,K. Towns,62,247,25,Missed,1,,,0,h,MISS Towns 25' 3PT Step Back Jump Shot,Missed Shot,Step Back Jump shot,1,3,299
0022100706,413,PT06M53.00S,3,1610612751,BKN,201935,Harden,J. Harden,0,0,0,,0,,,0,v,Harden REBOUND (Off:0 Def:2),Rebound,Unknown,1,0,300
0022100706,414,PT06M44.00S,3,1610612751,BKN,201935,Harden,J. Harden,0,0,0,,0,,,0,v,Harden Lost Ball Turnover (P4.T12),Turnover,Lost Ball,1,0,301
0022100706,414,PT06M44.00S,3,1610612750,MIN,1629020,Vanderbilt,J. Vanderbilt,0,0,0,,0,,,0,h,Vanderbilt STEAL (2 STL),,,1,0,302
0022100706,416,PT06M40.00S,3,1610612750,MIN,1630162,Edwards,A. Edwards,-78,237,25,Made,1,89,74,163,h,Edwards 25' 3PT Jump Shot (20 PTS) (Vanderbilt 2 AST),Made Shot,Jump Shot,1,3,303
0022100706,418,PT06M39.00S,3,0,,1610612751,,,0,0,0,,0,,,0,v,Nets Timeout: Regular (Reg.3 Short 0),Timeout,Regular,0,0,304
0022100706,419,PT06M24.00S,3,1610612750,MIN,1626157,Towns,K. Towns,0,0,0,,0,,,0,h,TIMBERWOLVES T.Foul (Def. 3 Sec Towns ) (J.Goldenberg),Foul,Defense 3 Second,1,0,305
0022100706,420,PT06M24.00S,3,1610612751,BKN,202681,Irving,K. Irving,0,0,0,,0,89,75,164,v,Irving Free Throw Technical (16 PTS),Free Throw,Free Throw Technical,1,0,306
0022100706,421,PT06M15.00S,3,1610612751,BKN,202681,Irving,K. Irving,-43,56,7,Made,1,89,77,166,v,Irving 7' Turnaround Fadeaway Bank Jump Shot (18 PTS),Made Shot,Turnaround Fadeaway Bank Jump Shot,1,2,307
0022100706,422,PT05M55.00S,3,1610612750,MIN,1626156,Russell,D. Russell,-12,195,20,Made,1,91,77,168,h,Russell 20' Pullup Jump Shot (23 PTS),Made Shot,Pullup Jump shot,1,2,308
0022100706,423,PT05M42.00S,3,1610612751,BKN,1630556,Edwards,K. Edwards,-103,222,24,Made,1,91,80,171,v,Edwards 24' 3PT Jump Shot (10 PTS) (Harden 10 AST),Made Shot,Jump Shot,1,3,309
0022100706,425,PT05M30.00S,3,1610612750,MIN,1630162,Edwards,A. Edwards,-70,249,26,Made,1,94,80,174,h,Edwards 26' 3PT Pullup Jump Shot (23 PTS),Made Shot,Pullup Jump shot,1,3,310
0022100706,426,PT05M17.00S,3,1610612750,MIN,1630183,McDaniels,J. McDaniels,0,0,0,,0,,,0,h,McDaniels Violation:Kicked Ball (K.Cutler),Violation,Kicked Ball,0,0,311
0022100706,427,PT05M17.00S,3,1610612751,BKN,1630549,Sharpe,D. Sharpe,0,0,0,,0,,,0,v,SUB: Aldridge FOR Sharpe,Substitution,,0,0,312
0022100706,429,PT05M09.00S,3,1610612751,BKN,202681,Irving,K. Irving,0,0,0,,0,,,0,v,Irving Bad Pass Turnover (P3.T13),Turnover,Bad Pass,1,0,313
0022100706,429,PT05M09.00S,3,1610612750,MIN,1629020,Vanderbilt,J. Vanderbilt,0,0,0,,0,,,0,h,Vanderbilt STEAL (3 STL),,,1,0,314
0022100706,431,PT05M06.00S,3,1610612750,MIN,1626156,Russell,D. Russell,0,0,0,,0,,,0,h,Russell Out of Bounds - Bad Pass Turnover Turnover (P2.T8),Turnover,Out of Bounds - Bad Pass Turnover,1,0,315
0022100706,432,PT04M50.00S,3,1610612751,BKN,201935,Harden,J. Harden,9,51,5,Made,1,94,82,176,v,Harden 5' Driving Floating Jump Shot (11 PTS),Made Shot,Driving Floating Jump Shot,1,2,316
0022100706,434,PT04M42.00S,3,1610612750,MIN,1626156,Russell,D. Russell,-26,80,8,Missed,1,,,0,h,MISS Russell 8' Driving Floating Jump Shot,Missed Shot,Driving Floating Jump Shot,1,2,317
0022100706,435,PT04M40.00S,3,0,,1610612751,,,0,0,0,,0,,,0,v,Nets Rebound,Rebound,Unknown,0,0,318
0022100706,437,PT04M29.00S,3,1610612751,BKN,201988,Mills,P. Mills,-178,172,25,Made,1,94,85,179,v,Mills 25' 3PT Jump Shot (16 PTS) (Harden 11 AST),Made Shot,Jump Shot,1,3,319
0022100706,439,PT04M06.00S,3,1610612750,MIN,1626157,Towns,K. Towns,-60,36,7,Missed,1,,,0,h,MISS Towns 7' Driving Floating Jump Shot,Missed Shot,Driving Floating Jump Shot,1,2,320
0022100706,440,PT04M04.00S,3,1610612751,BKN,201935,Harden,J. Harden,0,0,0,,0,,,0,v,Harden REBOUND (Off:0 Def:3),Rebound,Unknown,1,0,321
0022100706,441,PT03M55.00S,3,1610612751,BKN,202681,Irving,K. Irving,82,151,17,Made,1,94,87,181,v,Irving 17' Step Back Jump Shot (20 PTS) (Mills 1 AST),Made Shot,Step Back Jump shot,1,2,322
0022100706,443,PT03M39.00S,3,1610612751,BKN,201988,Mills,P. Mills,0,0,0,,0,,,0,v,Mills P.FOUL (P2.T4) (K.Cutler),Foul,Personal,1,0,323
0022100706,445,PT03M39.00S,3,1610612750,MIN,1626156,Russell,D. Russell,0,0,0,,0,,,0,h,SUB: Nowell FOR Russell,Substitution,,0,0,324
0022100706,447,PT03M35.00S,3,1610612750,MIN,1630162,Edwards,A. Edwards,-89,243,26,Missed,1,,,0,h,MISS Edwards 26' 3PT Jump Shot,Missed Shot,Jump Shot,1,3,325
0022100706,448,PT03M32.00S,3,1610612750,MIN,1630183,McDaniels,J. McDaniels,0,0,0,,0,,,0,h,McDaniels REBOUND (Off:2 Def:2),Rebound,Unknown,1,0,326
0022100706,449,PT03M28.00S,3,1610612750,MIN,1630183,McDaniels,J. McDaniels,0,8,1,Made,1,96,87,183,h,McDaniels 1' Driving Layup (14 PTS),Made Shot,Driving Layup Shot,1,2,327
0022100706,450,PT03M12.00S,3,1610612751,BKN,201935,Harden,J. Harden,227,95,25,Missed,1,,,0,v,MISS Harden 25' 3PT Pullup Jump Shot,Missed Shot,Pullup Jump shot,1,3,328
0022100706,451,PT03M09.00S,3,1610612750,MIN,1626157,Towns,K. Towns,0,0,0,,0,,,0,h,Towns REBOUND (Off:0 Def:7),Rebound,Unknown,1,0,329
0022100706,452,PT02M55.00S,3,1610612750,MIN,1629669,Nowell,J. Nowell,0,0,0,,0,,,0,h,Nowell Lost Ball Turnover (P1.T9),Turnover,Lost Ball,1,0,330
0022100706,452,PT02M55.00S,3,1610612751,BKN,202681,Irving,K. Irving,0,0,0,,0,,,0,v,Irving STEAL (1 STL),,,1,0,331
0022100706,454,PT02M48.00S,3,1610612751,BKN,1630556,Edwards,K. Edwards,-129,211,25,Missed,1,,,0,v,MISS Edwards 25' 3PT Jump Shot,Missed Shot,Jump Shot,1,3,332
0022100706,455,PT02M46.00S,3,0,,1610612750,,,0,0,0,,0,,,0,h,TIMBERWOLVES Rebound,Rebound,Unknown,0,0,333
0022100706,456,PT02M46.00S,3,1610612751,BKN,200746,Aldridge,L. Aldridge,0,0,0,,0,,,0,v,Aldridge L.B.FOUL (P3.PN) (C.Blair),Foul,Loose Ball,1,0,334
0022100706,458,PT02M46.00S,3,0,,1610612750,,,0,0,0,,0,,,0,h,TIMBERWOLVES Timeout: Regular (Full 3 Short 0),Timeout,Regular,0,0,335
0022100706,459,PT02M46.00S,3,1610612750,MIN,1630162,Edwards,A. Edwards,0,0,0,,0,,,0,h,SUB: Beasley FOR Edwards,Substitution,,0,0,336
0022100706,460,PT02M46.00S,3,1610612751,BKN,202681,Irving,K. Irving,0,0,0,,0,,,0,v,SUB: Bembry FOR Irving,Substitution,,0,0,337
0022100706,463,PT02M46.00S,3,1610612750,MIN,1629020,Vanderbilt,J. Vanderbilt,0,0,0,,0,,,0,h,MISS Vanderbilt Free Throw 1 of 2,Free Throw,Free Throw 1 of 2,1,0,338
0022100706,464,PT02M46.00S,3,0,,1610612750,,,0,0,0,,0,,,0,h,TIMBERWOLVES Rebound,Rebound,Normal Rebound,0,0,339
0022100706,465,PT02M46.00S,3,1610612750,MIN,1629020,Vanderbilt,J. Vanderbilt,0,0,0,,0,97,87,184,h,Vanderbilt Free Throw 2 of 2 (7 PTS),Free Throw,Free Throw 2 of 2,1,0,340
0022100706,466,PT02M31.00S,3,1610612751,BKN,201935,Harden,J. Harden,0,0,0,,0,,,0,v,Harden Bad Pass Turnover (P5.T14),Turnover,Bad Pass,1,0,341
0022100706,466,PT02M31.00S,3,1610612750,MIN,1629020,Vanderbilt,J. Vanderbilt,0,0,0,,0,,,0,h,Vanderbilt STEAL (4 STL),,,1,0,342
0022100706,468,PT02M25.00S,3,1610612750,MIN,1630183,McDaniels,J. McDaniels,-40,23,5,Missed,1,,,0,h,MISS McDaniels 5' Driving Finger Roll Layup,Missed Shot,Driving Finger Roll Layup Shot,1,2,343
0022100706,469,PT02M23.00S,3,1610612751,BKN,1630556,Edwards,K. Edwards,0,0,0,,0,,,0,v,Edwards REBOUND (Off:0 Def:3),Rebound,Unknown,1,0,344
0022100706,470,PT02M04.00S,3,1610612751,BKN,1630556,Edwards,K. Edwards,225,125,26,Made,1,97,90,187,v,Edwards 26' 3PT Jump Shot (13 PTS) (Harden 12 AST),Made Shot,Jump Shot,1,3,345
0022100706,472,PT01M43.00S,3,1610612750,MIN,1626157,Towns,K. Towns,-26,46,5,Made,1,99,90,189,h,Towns 5' Driving Floating Bank Jump Shot (5 PTS),Made Shot,Driving Floating Bank Jump Shot,1,2,346
0022100706,473,PT01M43.00S,3,1610612751,BKN,200746,Aldridge,L. Aldridge,0,0,0,,0,,,0,v,Aldridge S.FOUL (P4.PN) (J.Goldenberg),Foul,Shooting,1,0,347
0022100706,475,PT01M43.00S,3,1610612750,MIN,1629020,Vanderbilt,J. Vanderbilt,0,0,0,,0,,,0,h,SUB: Prince FOR Vanderbilt,Substitution,,0,0,348
0022100706,476,PT01M43.00S,3,1610612751,BKN,201988,Mills,P. Mills,0,0,0,,0,,,0,v,SUB: Johnson FOR Mills,Substitution,,0,0,349
0022100706,477,PT01M43.00S,3,1610612751,BKN,1630556,Edwards,K. Edwards,0,0,0,,0,,,0,v,SUB: Thomas FOR Edwards,Substitution,,0,0,350
0022100706,481,PT01M43.00S,3,1610612750,MIN,1626157,Towns,K. Towns,0,0,0,,0,100,90,190,h,Towns Free Throw 1 of 1 (6 PTS),Free Throw,Free Throw 1 of 1,1,0,351
0022100706,482,PT01M27.00S,3,1610612751,BKN,201935,Harden,J. Harden,-39,169,17,Made,1,100,92,192,v,Harden 17' Pullup Jump Shot (13 PTS),Made Shot,Pullup Jump shot,1,2,352
0022100706,483,PT01M11.00S,3,1610612750,MIN,1630183,McDaniels,J. McDaniels,-221,89,24,Missed,1,,,0,h,MISS McDaniels 24' 3PT Step Back Jump Shot,Missed Shot,Step Back Jump shot,1,3,353
0022100706,484,PT01M08.00S,3,1610612751,BKN,1630560,Thomas,C. Thomas,0,0,0,,0,,,0,v,Thomas REBOUND (Off:0 Def:2),Rebound,Unknown,1,0,354
0022100706,485,PT00M57.70S,3,1610612751,BKN,200746,Aldridge,L. Aldridge,0,0,0,,0,,,0,v,Aldridge FLAGRANT.FOUL.TYPE1 (P5.PN) (J.Goldenberg),Foul,Flagrant Type 1,1,0,355
0022100706,487,PT00M57.70S,3,1610612751,BKN,200746,Aldridge,L. Aldridge,0,0,0,,0,,,0,v,Aldridge No Turnover (P2.T15),Turnover,,1,0,356
0022100706,488,PT00M57.70S,3,0,,485,,,0,0,0,,0,100,92,192,,Instant Replay3rd Period (9:48 PM EST),Instant Replay,Overturn Ruling,0,0,357
0022100706,489,PT00M57.70S,3,1610612750,MIN,1626157,Towns,K. Towns,0,0,0,,0,101,92,193,h,Towns Free Throw Flagrant 1 of 2 (7 PTS),Free Throw,Free Throw Flagrant 1 of 2,1,0,358
0022100706,490,PT00M57.70S,3,1610612750,MIN,1626157,Towns,K. Towns,0,0,0,,0,102,92,194,h,Towns Free Throw Flagrant 2 of 2 (8 PTS),Free Throw,Free Throw Flagrant 2 of 2,1,0,359
0022100706,491,PT00M43.50S,3,1610612751,BKN,201949,Johnson,J. Johnson,0,0,0,,0,,,0,v,Johnson S.FOUL (P3.PN) (J.Goldenberg),Foul,Shooting,1,0,360
0022100706,493,PT00M43.50S,3,1610612750,MIN,1626157,Towns,K. Towns,0,0,0,,0,,,0,h,MISS Towns Free Throw 1 of 2,Free Throw,Free Throw 1 of 2,1,0,361
0022100706,494,PT00M43.50S,3,0,,1610612750,,,0,0,0,,0,,,0,h,TIMBERWOLVES Rebound,Rebound,Normal Rebound,0,0,362
0022100706,495,PT00M43.50S,3,1610612751,BKN,200746,Aldridge,L. Aldridge,0,0,0,,0,,,0,v,SUB: Sharpe FOR Aldridge,Substitution,,0,0,363
0022100706,497,PT00M43.50S,3,1610612750,MIN,1626157,Towns,K. Towns,0,0,0,,0,,,0,h,MISS Towns Free Throw 2 of 2,Free Throw,Free Throw 2 of 2,1,0,364
0022100706,498,PT00M37.90S,3,1610612751,BKN,201935,Harden,J. Harden,0,0,0,,0,,,0,v,Harden REBOUND (Off:0 Def:4),Rebound,Unknown,1,0,365
0022100706,499,PT00M31.00S,3,1610612751,BKN,1630549,Sharpe,D. Sharpe,1,8,1,Missed,1,,,0,v,MISS Sharpe 1' Dunk,Missed Shot,Dunk Shot,1,2,366
0022100706,499,PT00M31.00S,3,1610612750,MIN,1630183,McDaniels,J. McDaniels,0,0,0,,0,,,0,h,McDaniels BLOCK (1 BLK),,,1,2,367
0022100706,501,PT00M28.30S,3,1610612751,BKN,1630549,Sharpe,D. Sharpe,0,0,0,,0,,,0,v,Sharpe REBOUND (Off:4 Def:2),Rebound,Unknown,1,0,368
0022100706,502,PT00M25.70S,3,1610612751,BKN,201949,Johnson,J. Johnson,159,187,25,Made,1,102,95,197,v,Johnson 25' 3PT Jump Shot (7 PTS),Made Shot,Jump Shot,1,3,369
0022100706,503,PT00M02.30S,3,1610612750,MIN,1630183,McDaniels,J. McDaniels,-229,21,0,Missed,1,,,0,h,MISS McDaniels 3PT Jump Shot,Missed Shot,Jump Shot,1,3,370
0022100706,504,PT00M02.30S,3,1610612751,BKN,1630549,Sharpe,D. Sharpe,0,0,0,,0,,,0,v,Sharpe REBOUND (Off:4 Def:3),Rebound,Unknown,1,0,371
0022100706,505,PT00M00.00S,3,0,,0,,,0,0,0,,0,102,95,197,,End of 3rd Period (9:53 PM EST),period,end,1,0,372
0022100706,516,PT12M00.00S,4,0,,0,,,0,0,0,,0,102,95,197,,Start of 4th Period (9:56 PM EST),period,start,0,0,373
0022100706,517,PT11M44.00S,4,1610612750,MIN,1629675,Reid,N. Reid,25,42,5,Missed,1,,,0,h,MISS Reid 5' Layup,Missed Shot,Layup Shot,1,2,374
0022100706,517,PT11M44.00S,4,1610612751,BKN,1630549,Sharpe,D. Sharpe,0,0,0,,0,,,0,v,Sharpe BLOCK (1 BLK),,,1,2,375
0022100706,519,PT11M42.00S,4,1610612750,MIN,1629675,Reid,N. Reid,0,0,0,,0,,,0,h,Reid REBOUND (Off:1 Def:0),Rebound,Unknown,1,0,376
0022100706,521,PT11M42.00S,4,1610612750,MIN,1629675,Reid,N. Reid,12,28,3,Missed,1,,,0,h,MISS Reid 3' Layup,Missed Shot,Layup Shot,1,2,377
0022100706,522,PT11M42.00S,4,1610612751,BKN,201988,Mills,P. Mills,0,0,0,,0,,,0,v,Mills REBOUND (Off:0 Def:2),Rebound,Unknown,1,0,378
0022100706,523,PT11M42.00S,4,1610612750,MIN,1629675,Reid,N. Reid,0,0,0,,0,,,0,h,Reid P.FOUL (P2.T1) (C.Blair),Foul,Personal,1,0,379
0022100706,525,PT11M24.00S,4,1610612751,BKN,202681,Irving,K. Irving,97,111,15,Made,1,102,97,199,v,Irving 15' Fadeaway Jumper (22 PTS),Made Shot,Fadeaway Jump Shot,1,2,380
0022100706,527,PT11M01.00S,4,1610612750,MIN,1629669,Nowell,J. Nowell,17,57,6,Made,1,104,97,201,h,Nowell 6' Driving Floating Jump Shot (14 PTS),Made Shot,Driving Floating Jump Shot,1,2,381
0022100706,528,PT10M50.00S,4,1610612751,BKN,201988,Mills,P. Mills,224,69,0,Missed,1,,,0,v,MISS Mills 3PT Jump Shot,Missed Shot,Jump Shot,1,3,382
0022100706,529,PT10M46.00S,4,1610612750,MIN,1629675,Reid,N. Reid,0,0,0,,0,,,0,h,Reid REBOUND (Off:1 Def:1),Rebound,Unknown,1,0,383
0022100706,530,PT10M38.00S,4,1610612750,MIN,1629675,Reid,N. Reid,12,251,25,Missed,1,,,0,h,MISS Reid 25' 3PT Step Back Jump Shot,Missed Shot,Step Back Jump shot,1,3,384
0022100706,531,PT10M35.00S,4,1610612751,BKN,201988,Mills,P. Mills,0,0,0,,0,,,0,v,Mills REBOUND (Off:0 Def:3),Rebound,Unknown,1,0,385
0022100706,532,PT10M24.00S,4,1610612751,BKN,202681,Irving,K. Irving,142,40,15,Missed,1,,,0,v,MISS Irving 15' Pullup Jump Shot,Missed Shot,Pullup Jump shot,1,2,386
0022100706,533,PT10M20.00S,4,1610612751,BKN,1630549,Sharpe,D. Sharpe,0,0,0,,0,,,0,v,Sharpe REBOUND (Off:5 Def:3),Rebound,Unknown,1,0,387
0022100706,534,PT10M20.00S,4,1610612751,BKN,1630549,Sharpe,D. Sharpe,0,0,0,Missed,1,,,0,v,MISS Sharpe Tip Layup Shot,Missed Shot,Tip Layup Shot,1,2,388
0022100706,535,PT10M19.00S,4,1610612751,BKN,201949,Johnson,J. Johnson,0,0,0,,0,,,0,v,Johnson REBOUND (Off:4 Def:1),Rebound,Unknown,1,0,389
0022100706,536,PT10M17.00S,4,1610612751,BKN,201988,Mills,P. Mills,-134,214,25,Made,1,104,100,204,v,Mills 25' 3PT Jump Shot (19 PTS) (Johnson 3 AST),Made Shot,Jump Shot,1,3,390
0022100706,538,PT10M04.00S,4,1610612750,MIN,1627736,Beasley,M. Beasley,-11,15,2,Missed,1,,,0,h,MISS Beasley 2' Driving Finger Roll Layup,Missed Shot,Driving Finger Roll Layup Shot,1,2,391
0022100706,539,PT10M02.00S,4,1610612750,MIN,1629675,Reid,N. Reid,0,0,0,,0,,,0,h,Reid REBOUND (Off:2 Def:1),Rebound,Unknown,1,0,392
0022100706,561,PT10M01.00S,4,1610612750,MIN,1629675,Reid,N. Reid,-1,16,2,Missed,1,,,0,h,MISS Reid 2' Tip Layup Shot,Missed Shot,Tip Layup Shot,1,2,393
0022100706,562,PT10M00.00S,4,1610612750,MIN,1627736,Beasley,M. Beasley,0,0,0,,0,,,0,h,Beasley REBOUND (Off:1 Def:0),Rebound,Unknown,0,0,394
0022100706,540,PT09M59.00S,4,1610612750,MIN,1627736,Beasley,M. Beasley,125,-13,13,Made,1,106,100,206,h,Beasley 13' Jump Shot (2 PTS),Made Shot,Jump Shot,1,2,395
0022100706,541,PT09M44.00S,4,1610612750,MIN,1629675,Reid,N. Reid,0,0,0,,0,,,0,h,Reid S.FOUL (P3.T2) (K.Cutler),Foul,Shooting,1,0,396
0022100706,543,PT09M44.00S,4,1610612751,BKN,202681,Irving,K. Irving,0,0,0,,0,106,101,207,v,Irving Free Throw 1 of 2 (23 PTS),Free Throw,Free Throw 1 of 2,1,0,397
0022100706,544,PT09M44.00S,4,1610612751,BKN,202681,Irving,K. Irving,0,0,0,,0,106,102,208,v,Irving Free Throw 2 of 2 (24 PTS),Free Throw,Free Throw 2 of 2,1,0,398
0022100706,545,PT09M32.00S,4,1610612750,MIN,1629669,Nowell,J. Nowell,50,91,10,Missed,1,,,0,h,MISS Nowell 10' Turnaround Jump Shot,Missed Shot,Turnaround Jump Shot,1,2,399
0022100706,546,PT09M31.00S,4,1610612750,MIN,1629675,Reid,N. Reid,0,0,0,,0,,,0,h,Reid REBOUND (Off:3 Def:1),Rebound,Unknown,1,0,400
0022100706,547,PT09M19.00S,4,1610612750,MIN,1627752,Prince,T. Prince,-232,-6,0,Made,1,109,102,211,h,Prince 3PT Step Back Jump Shot (12 PTS) (Nowell 2 AST),Made Shot,Step Back Jump shot,1,3,401
0022100706,549,PT08M56.00S,4,1610612751,BKN,202681,Irving,K. Irving,-116,220,25,Missed,1,,,0,v,MISS Irving 25' 3PT Jump Shot,Missed Shot,Jump Shot,1,3,402
0022100706,550,PT08M54.00S,4,0,,1610612751,,,0,0,0,,0,,,0,v,Nets Rebound,Rebound,Unknown,0,0,403
0022100706,552,PT08M54.00S,4,1610612751,BKN,1630549,Sharpe,D. Sharpe,0,0,0,,0,,,0,v,SUB: Aldridge FOR Sharpe,Substitution,,0,0,404
0022100706,554,PT08M42.00S,4,1610612751,BKN,200746,Aldridge,L. Aldridge,0,0,0,,0,,,0,v,Aldridge Out of Bounds Lost Ball Turnover (P3.T16),Turnover,Out of Bounds Lost Ball Turnover,1,0,405
0022100706,555,PT08M30.00S,4,1610612750,MIN,1629669,Nowell,J. Nowell,-132,157,21,Made,1,111,102,213,h,Nowell 21' Pullup Jump Shot (16 PTS),Made Shot,Pullup Jump shot,1,2,406
0022100706,556,PT08M12.00S,4,1610612751,BKN,200746,Aldridge,L. Aldridge,55,151,16,Missed,1,,,0,v,MISS Aldridge 16' Jump Shot,Missed Shot,Jump Shot,1,2,407
0022100706,557,PT08M10.00S,4,1610612750,MIN,1629675,Reid,N. Reid,0,0,0,,0,,,0,h,Reid REBOUND (Off:3 Def:2),Rebound,Unknown,1,0,408
0022100706,558,PT08M00.00S,4,1610612750,MIN,1629669,Nowell,J. Nowell,-58,48,8,Missed,1,,,0,h,MISS Nowell 8' Driving Floating Jump Shot,Missed Shot,Driving Floating Jump Shot,1,2,409
0022100706,559,PT07M58.00S,4,1610612751,BKN,1630556,Edwards,K. Edwards,0,0,0,,0,,,0,v,Edwards REBOUND (Off:0 Def:4),Rebound,Unknown,1,0,410
0022100706,560,PT07M54.00S,4,0,,1610612751,,,0,0,0,,0,,,0,v,Nets Timeout: Regular (Reg.4 Short 0),Timeout,Regular,0,0,411
0022100706,563,PT07M54.00S,4,1610612751,BKN,201949,Johnson,J. Johnson,0,0,0,,0,,,0,v,SUB: Harden FOR Johnson,Substitution,,0,0,412
0022100706,565,PT07M46.00S,4,1610612750,MIN,1627736,Beasley,M. Beasley,0,0,0,,0,,,0,h,Beasley P.FOUL (P1.T3) (C.Blair),Foul,Personal,1,0,413
0022100706,567,PT07M40.00S,4,1610612751,BKN,201988,Mills,P. Mills,39,156,16,Missed,1,,,0,v,MISS Mills 16' Pullup Jump Shot,Missed Shot,Pullup Jump shot,1,2,414
0022100706,568,PT07M37.00S,4,1610612750,MIN,1629006,Okogie,J. Okogie,0,0,0,,0,,,0,h,Okogie REBOUND (Off:0 Def:1),Rebound,Unknown,1,0,415
0022100706,569,PT07M25.00S,4,1610612750,MIN,1629669,Nowell,J. Nowell,47,29,6,Missed,1,,,0,h,MISS Nowell 6' Driving Floating Jump Shot,Missed Shot,Driving Floating Jump Shot,1,2,416
0022100706,570,PT07M22.00S,4,1610612751,BKN,201935,Harden,J. Harden,0,0,0,,0,,,0,v,Harden REBOUND (Off:0 Def:5),Rebound,Unknown,1,0,417
0022100706,571,PT07M19.00S,4,1610612751,BKN,200746,Aldridge,L. Aldridge,0,0,0,,0,,,0,v,Aldridge OFF.Foul (P6) (J.Goldenberg),Foul,Offensive,1,0,418
0022100706,573,PT07M19.00S,4,1610612751,BKN,200746,Aldridge,L. Aldridge,0,0,0,,0,,,0,v,Aldridge Offensive Foul Turnover (P4.T17),Turnover,Offensive Foul Turnover,1,0,419
0022100706,574,PT07M19.00S,4,1610612750,MIN,1627736,Beasley,M. Beasley,0,0,0,,0,,,0,h,SUB: Russell FOR Beasley,Substitution,,0,0,420
0022100706,575,PT07M19.00S,4,1610612751,BKN,200746,Aldridge,L. Aldridge,0,0,0,,0,,,0,v,SUB: Sharpe FOR Aldridge,Substitution,,0,0,421
0022100706,578,PT07M09.00S,4,1610612750,MIN,1626156,Russell,D. Russell,162,189,25,Missed,1,,,0,h,MISS Russell 25' 3PT Jump Shot,Missed Shot,Jump Shot,1,3,422
0022100706,579,PT07M08.00S,4,1610612751,BKN,202681,Irving,K. Irving,0,0,0,,0,,,0,v,Irving REBOUND (Off:0 Def:5),Rebound,Unknown,1,0,423
0022100706,580,PT07M04.00S,4,1610612751,BKN,202681,Irving,K. Irving,16,19,2,Made,1,111,104,215,v,Irving 2' Running Layup (26 PTS),Made Shot,Running Layup Shot,1,2,424
0022100706,581,PT07M04.00S,4,1610612750,MIN,1629006,Okogie,J. Okogie,0,0,0,,0,,,0,h,Okogie S.FOUL (P2.T4) (K.Cutler),Foul,Shooting,1,0,425
0022100706,583,PT07M04.00S,4,1610612750,MIN,1629675,Reid,N. Reid,0,0,0,,0,,,0,h,SUB: Towns FOR Reid,Substitution,,0,0,426
0022100706,584,PT07M04.00S,4,1610612750,MIN,1629006,Okogie,J. Okogie,0,0,0,,0,,,0,h,SUB: Vanderbilt FOR Okogie,Substitution,,0,0,427
0022100706,585,PT07M04.00S,4,1610612751,BKN,1630549,Sharpe,D. Sharpe,0,0,0,,0,,,0,v,SUB: Johnson FOR Sharpe,Substitution,,0,0,428
0022100706,589,PT07M04.00S,4,1610612751,BKN,202681,Irving,K. Irving,0,0,0,,0,111,105,216,v,Irving Free Throw 1 of 1 (27 PTS),Free Throw,Free Throw 1 of 1,1,0,429
0022100706,590,PT06M50.00S,4,1610612751,BKN,201949,Johnson,J. Johnson,0,0,0,,0,,,0,v,Johnson P.FOUL (P4.T1) (C.Blair),Foul,Personal,1,0,430
0022100706,592,PT06M47.00S,4,1610612750,MIN,1626157,Towns,K. Towns,-137,209,25,Made,1,114,105,219,h,Towns 25' 3PT Jump Shot (11 PTS) (Russell 9 AST),Made Shot,Jump Shot,1,3,431
0022100706,594,PT06M34.00S,4,1610612751,BKN,202681,Irving,K. Irving,192,176,26,Missed,1,,,0,v,MISS Irving 26' 3PT Pullup Jump Shot,Missed Shot,Pullup Jump shot,1,3,432
0022100706,595,PT06M30.00S,4,1610612750,MIN,1629020,Vanderbilt,J. Vanderbilt,0,0,0,,0,,,0,h,Vanderbilt REBOUND (Off:2 Def:6),Rebound,Unknown,1,0,433
0022100706,596,PT06M15.00S,4,1610612750,MIN,1627752,Prince,T. Prince,228,2,0,Made,1,117,105,222,h,Prince 3PT Jump Shot (15 PTS) (Towns 2 AST),Made Shot,Jump Shot,1,3,434
0022100706,598,PT05M55.00S,4,1610612751,BKN,1630556,Edwards,K. Edwards,-221,20,0,Missed,1,,,0,v,MISS Edwards 3PT Jump Shot,Missed Shot,Jump Shot,1,3,435
0022100706,599,PT05M53.00S,4,1610612750,MIN,1629020,Vanderbilt,J. Vanderbilt,0,0,0,,0,,,0,h,Vanderbilt REBOUND (Off:2 Def:7),Rebound,Unknown,1,0,436
0022100706,600,PT05M47.00S,4,1610612751,BKN,1630556,Edwards,K. Edwards,0,0,0,,0,,,0,v,Edwards P.FOUL (P5.T2) (K.Cutler),Foul,Personal,1,0,437
0022100706,602,PT05M47.00S,4,0,,1610612750,,,0,0,0,,0,,,0,h,TIMBERWOLVES Timeout: Regular (Full 4 Short 0),Timeout,Regular,0,0,438
0022100706,603,PT05M47.00S,4,1610612750,MIN,1627752,Prince,T. Prince,0,0,0,,0,,,0,h,SUB: Edwards FOR Prince,Substitution,,0,0,439
0022100706,605,PT05M45.00S,4,1610612750,MIN,1626157,Towns,K. Towns,43,27,5,Made,1,119,105,224,h,Towns 5' Driving Layup (13 PTS) (Russell 10 AST),Made Shot,Driving Layup Shot,1,2,440
0022100706,606,PT05M45.00S,4,1610612751,BKN,201949,Johnson,J. Johnson,0,0,0,,0,,,0,v,Johnson S.FOUL (P5.T3) (C.Blair),Foul,Shooting,1,0,441
0022100706,608,PT05M45.00S,4,0,,1610612751,,,0,0,0,,0,,,0,v,Nets Timeout: Regular (Reg.5 Short 0),Timeout,Regular,0,0,442
0022100706,609,PT05M45.00S,4,0,,606,,,0,0,0,,0,119,105,224,,Instant Replay4th Period (10:13 PM EST),Instant Replay,Coach Challenge Support Ruling,1,0,443
0022100706,611,PT05M45.00S,4,1610612750,MIN,1626157,Towns,K. Towns,0,0,0,,0,120,105,225,h,Towns Free Throw 1 of 1 (14 PTS),Free Throw,Free Throw 1 of 1,1,0,444
0022100706,612,PT05M36.00S,4,1610612751,BKN,202681,Irving,K. Irving,112,96,15,Made,1,120,107,227,v,Irving 15' Pullup Jump Shot (29 PTS) (Johnson 4 AST),Made Shot,Pullup Jump shot,1,2,445
0022100706,613,PT05M36.00S,4,1610612750,MIN,1626157,Towns,K. Towns,0,0,0,,0,,,0,h,Towns S.FOUL (P3.PN) (K.Cutler),Foul,Shooting,1,0,446
0022100706,615,PT05M36.00S,4,1610612751,BKN,202681,Irving,K. Irving,0,0,0,,0,120,108,228,v,Irving Free Throw 1 of 1 (30 PTS),Free Throw,Free Throw 1 of 1,1,0,447
0022100706,616,PT05M21.00S,4,1610612750,MIN,1626157,Towns,K. Towns,0,16,2,Made,1,122,108,230,h,Towns 2' Dunk (16 PTS) (Edwards 4 AST),Made Shot,Dunk Shot,1,2,448
0022100706,618,PT05M09.00S,4,1610612750,MIN,1629020,Vanderbilt,J. Vanderbilt,0,0,0,,0,,,0,h,Vanderbilt Violation:Kicked Ball (J.Goldenberg),Violation,Kicked Ball,0,0,449
0022100706,619,PT04M57.00S,4,1610612751,BKN,201949,Johnson,J. Johnson,4,32,3,Missed,1,,,0,v,MISS Johnson 3' Floating Jump Shot,Missed Shot,Floating Jump shot,1,2,450
0022100706,620,PT04M54.00S,4,1610612750,MIN,1626156,Russell,D. Russell,0,0,0,,0,,,0,h,Russell REBOUND (Off:0 Def:4),Rebound,Unknown,1,0,451
0022100706,621,PT04M41.00S,4,1610612750,MIN,1626157,Towns,K. Towns,-10,43,4,Made,1,124,108,232,h,Towns 4' Floating Jump Shot (18 PTS),Made Shot,Floating Jump shot,1,2,452
0022100706,623,PT04M27.00S,4,1610612751,BKN,202681,Irving,K. Irving,228,32,0,Missed,1,,,0,v,MISS Irving 3PT Jump Shot,Missed Shot,Jump Shot,1,3,453
0022100706,624,PT04M26.00S,4,1610612750,MIN,1626156,Russell,D. Russell,0,0,0,,0,,,0,h,Russell REBOUND (Off:0 Def:5),Rebound,Unknown,1,0,454
0022100706,625,PT04M10.00S,4,1610612751,BKN,201949,Johnson,J. Johnson,0,0,0,,0,,,0,v,Johnson P.FOUL (P6.T4) (J.Goldenberg),Foul,Personal,1,0,455
0022100706,628,PT04M10.00S,4,1610612751,BKN,201949,Johnson,J. Johnson,0,0,0,,0,,,0,v,SUB: Sharpe FOR Johnson,Substitution,,0,0,456
0022100706,630,PT04M04.00S,4,1610612750,MIN,1626156,Russell,D. Russell,-91,218,24,Missed,1,,,0,h,MISS Russell 24' Jump Shot,Missed Shot,Jump Shot,1,2,457
0022100706,631,PT04M02.00S,4,1610612751,BKN,202681,Irving,K. Irving,0,0,0,,0,,,0,v,Irving REBOUND (Off:0 Def:6),Rebound,Unknown,1,0,458
0022100706,632,PT04M00.00S,4,1610612751,BKN,201988,Mills,P. Mills,2,16,2,Made,1,124,110,234,v,Mills 2' Running Layup (21 PTS) (Irving 5 AST),Made Shot,Running Layup Shot,1,2,459
0022100706,634,PT03M41.00S,4,1610612750,MIN,1626157,Towns,K. Towns,-12,253,25,Made,1,127,110,237,h,Towns 25' 3PT Jump Shot (21 PTS) (Nowell 3 AST),Made Shot,Jump Shot,1,3,460
0022100706,636,PT03M27.00S,4,1610612751,BKN,1630556,Edwards,K. Edwards,2,151,15,Made,1,127,112,239,v,Edwards 15' Pullup Jump Shot (15 PTS) (Harden 13 AST),Made Shot,Pullup Jump shot,1,2,461
0022100706,638,PT03M12.00S,4,1610612750,MIN,1630162,Edwards,A. Edwards,50,167,17,Missed,1,,,0,h,MISS Edwards 17' Pullup Jump Shot,Missed Shot,Pullup Jump shot,1,2,462
0022100706,639,PT03M10.00S,4,1610612751,BKN,1630556,Edwards,K. Edwards,0,0,0,,0,,,0,v,Edwards REBOUND (Off:0 Def:5),Rebound,Unknown,1,0,463
0022100706,640,PT02M55.00S,4,1610612751,BKN,201935,Harden,J. Harden,0,0,0,,0,,,0,v,Harden Bad Pass Turnover (P6.T18),Turnover,Bad Pass,1,0,464
0022100706,640,PT02M55.00S,4,1610612750,MIN,1626157,Towns,K. Towns,0,0,0,,0,,,0,h,Towns STEAL (2 STL),,,1,0,465
0022100706,642,PT02M51.00S,4,1610612750,MIN,1630162,Edwards,A. Edwards,2,1,0,Made,1,129,112,241,h,Edwards Running Layup (25 PTS),Made Shot,Running Layup Shot,1,2,466
0022100706,643,PT02M51.00S,4,0,,1610612751,,,0,0,0,,0,,,0,v,Nets Timeout: Regular (Reg.6 Short 0),Timeout,Regular,0,0,467
0022100706,644,PT02M51.00S,4,1610612751,BKN,201988,Mills,P. Mills,0,0,0,,0,,,0,v,SUB: Brown FOR Mills,Substitution,,0,0,468
0022100706,645,PT02M51.00S,4,1610612751,BKN,202681,Irving,K. Irving,0,0,0,,0,,,0,v,SUB: Thomas FOR Irving,Substitution,,0,0,469
0022100706,646,PT02M51.00S,4,1610612751,BKN,201935,Harden,J. Harden,0,0,0,,0,,,0,v,SUB: Bembry FOR Harden,Substitution,,0,0,470
0022100706,647,PT02M51.00S,4,1610612751,BKN,1630556,Edwards,K. Edwards,0,0,0,,0,,,0,v,SUB: Carter FOR Edwards,Substitution,,0,0,471
0022100706,652,PT02M36.00S,4,1610612751,BKN,1630560,Thomas,C. Thomas,-196,159,25,Made,1,129,115,244,v,Thomas 25' 3PT Step Back Jump Shot (9 PTS),Made Shot,Step Back Jump shot,1,3,472
0022100706,653,PT02M23.00S,4,1610612750,MIN,1626157,Towns,K. Towns,-1,18,2,Missed,1,,,0,h,MISS Towns 2' Cutting Layup Shot,Missed Shot,Cutting Layup Shot,1,2,473
0022100706,654,PT02M21.00S,4,1610612751,BKN,1628971,Brown,B. Brown,0,0,0,,0,,,0,v,Brown REBOUND (Off:2 Def:2),Rebound,Unknown,1,0,474
0022100706,655,PT02M17.00S,4,1610612751,BKN,1628971,Brown,B. Brown,13,17,2,Made,1,129,117,246,v,Brown 2' Running Layup (4 PTS),Made Shot,Running Layup Shot,1,2,475
0022100706,656,PT02M17.00S,4,1610612750,MIN,1630162,Edwards,A. Edwards,0,0,0,,0,,,0,h,Edwards Violation:Defensive Goaltending (K.Cutler),Violation,Defensive Goaltending,1,0,476
0022100706,657,PT02M03.00S,4,1610612751,BKN,1630549,Sharpe,D. Sharpe,0,0,0,,0,,,0,v,Sharpe S.FOUL (P3.PN) (C.Blair),Foul,Shooting,1,0,477
0022100706,659,PT02M03.00S,4,1610612750,MIN,1626157,Towns,K. Towns,0,0,0,,0,130,117,247,h,Towns Free Throw 1 of 2 (22 PTS),Free Throw,Free Throw 1 of 2,1,0,478
0022100706,660,PT02M03.00S,4,1610612750,MIN,1629669,Nowell,J. Nowell,0,0,0,,0,,,0,h,SUB: McDaniels FOR Nowell,Substitution,,0,0,479
0022100706,662,PT02M03.00S,4,1610612750,MIN,1626157,Towns,K. Towns,0,0,0,,0,131,117,248,h,Towns Free Throw 2 of 2 (23 PTS),Free Throw,Free Throw 2 of 2,1,0,480
0022100706,663,PT01M54.00S,4,1610612751,BKN,1628975,Carter,J. Carter,0,0,0,,0,,,0,v,Carter Bad Pass Turnover (P1.T19),Turnover,Bad Pass,1,0,481
0022100706,663,PT01M54.00S,4,1610612750,MIN,1629020,Vanderbilt,J. Vanderbilt,0,0,0,,0,,,0,h,Vanderbilt STEAL (5 STL),,,1,0,482
0022100706,665,PT01M53.00S,4,1610612750,MIN,1629020,Vanderbilt,J. Vanderbilt,2,13,1,Made,1,133,117,250,h,Vanderbilt 1' Running Dunk (9 PTS),Made Shot,Running Dunk Shot,1,2,483
0022100706,666,PT01M40.00S,4,1610612751,BKN,1630560,Thomas,C. Thomas,-51,62,8,Made,1,133,119,252,v,Thomas 8' Floating Jump Shot (11 PTS) (Carter 1 AST),Made Shot,Floating Jump shot,1,2,484
0022100706,668,PT01M20.00S,4,1610612750,MIN,1626157,Towns,K. Towns,227,12,0,Missed,1,,,0,h,MISS Towns 3PT Jump Shot,Missed Shot,Jump Shot,1,3,485
0022100706,669,PT01M17.00S,4,1610612751,BKN,1627761,Bembry,D. Bembry,0,0,0,,0,,,0,v,Bembry REBOUND (Off:2 Def:3),Rebound,Unknown,1,0,486
0022100706,670,PT01M11.00S,4,1610612750,MIN,1626156,Russell,D. Russell,0,0,0,,0,,,0,h,Russell S.FOUL (P2.PN) (C.Blair),Foul,Shooting,1,0,487
0022100706,672,PT01M11.00S,4,1610612751,BKN,1628971,Brown,B. Brown,0,0,0,,0,133,120,253,v,Brown Free Throw 1 of 2 (5 PTS),Free Throw,Free Throw 1 of 2,1,0,488
0022100706,673,PT01M11.00S,4,1610612750,MIN,1626156,Russell,D. Russell,0,0,0,,0,,,0,h,SUB: Layman FOR Russell,Substitution,,0,0,489
0022100706,674,PT01M11.00S,4,1610612750,MIN,1630162,Edwards,A. Edwards,0,0,0,,0,,,0,h,SUB: Wright IV FOR Edwards,Substitution,,0,0,490
0022100706,675,PT01M11.00S,4,1610612750,MIN,1629020,Vanderbilt,J. Vanderbilt,0,0,0,,0,,,0,h,SUB: McLaughlin FOR Vanderbilt,Substitution,,0,0,491
0022100706,676,PT01M11.00S,4,1610612750,MIN,1626157,Towns,K. Towns,0,0,0,,0,,,0,h,SUB: Okogie FOR Towns,Substitution,,0,0,492
0022100706,677,PT01M11.00S,4,1610612750,MIN,1630183,McDaniels,J. McDaniels,0,0,0,,0,,,0,h,SUB: Knight FOR McDaniels,Substitution,,0,0,493
0022100706,683,PT01M11.00S,4,1610612751,BKN,1628971,Brown,B. Brown,0,0,0,,0,133,121,254,v,Brown Free Throw 2 of 2 (6 PTS),Free Throw,Free Throw 2 of 2,1,0,494
0022100706,685,PT01M01.00S,4,1610612750,MIN,1630233,Knight,N. Knight,-10,63,6,Missed,1,,,0,h,MISS Knight 6' Driving Floating Jump Shot,Missed Shot,Driving Floating Jump Shot,1,2,495
0022100706,686,PT00M58.40S,4,1610612750,MIN,1630233,Knight,N. Knight,0,0,0,,0,,,0,h,Knight REBOUND (Off:1 Def:0),Rebound,Unknown,1,0,496
0022100706,687,PT00M58.40S,4,1610612750,MIN,1630233,Knight,N. Knight,0,0,0,Missed,1,,,0,h,MISS Knight Tip Layup Shot,Missed Shot,Tip Layup Shot,1,2,497
0022100706,688,PT00M58.40S,4,1610612750,MIN,1630233,Knight,N. Knight,0,0,0,,0,,,0,h,Knight REBOUND (Off:2 Def:0),Rebound,Unknown,1,0,498
0022100706,689,PT00M57.40S,4,1610612750,MIN,1630233,Knight,N. Knight,0,0,0,Missed,1,,,0,h,MISS Knight Tip Layup Shot,Missed Shot,Tip Layup Shot,1,2,499
0022100706,690,PT00M57.40S,4,0,,1610612751,,,0,0,0,,0,,,0,v,Nets Rebound,Rebound,Unknown,0,0,500
0022100706,692,PT00M46.10S,4,1610612751,BKN,1630549,Sharpe,D. Sharpe,1,4,0,Made,1,133,123,256,v,Sharpe Dunk (6 PTS) (Thomas 1 AST),Made Shot,Dunk Shot,1,2,501
0022100706,694,PT00M32.40S,4,1610612750,MIN,1629006,Okogie,J. Okogie,-102,235,26,Made,1,136,123,259,h,Okogie 26' 3PT Jump Shot (5 PTS) (Wright IV 1 AST),Made Shot,Jump Shot,1,3,502
0022100706,696,PT00M19.50S,4,1610612751,BKN,1630560,Thomas,C. Thomas,-21,48,5,Missed,1,,,0,v,MISS Thomas 5' Driving Floating Jump Shot,Missed Shot,Driving Floating Jump Shot,1,2,503
0022100706,697,PT00M19.50S,4,1610612751,BKN,1630549,Sharpe,D. Sharpe,0,0,0,,0,,,0,v,Sharpe REBOUND (Off:6 Def:3),Rebound,Unknown,1,0,504
0022100706,698,PT00M17.90S,4,1610612751,BKN,1630549,Sharpe,D. Sharpe,0,0,0,Made,1,136,125,261,v,Sharpe Tip Layup Shot (8 PTS),Made Shot,Tip Layup Shot,1,2,505
0022100706,699,PT00M00.00S,4,0,,0,,,0,0,0,,0,136,125,261,,End of 4th Period (10:26 PM EST),period,end,1,0,506
